-- BACKUP AUTOMÁTICO M7 --

TRUNCATE TABLE user_permissions CASCADE;
TRUNCATE TABLE assignments CASCADE;
TRUNCATE TABLE document_items CASCADE;
TRUNCATE TABLE documents_l CASCADE;
TRUNCATE TABLE articles CASCADE;
TRUNCATE TABLE drivers CASCADE;
TRUNCATE TABLE vehicles CASCADE;
TRUNCATE TABLE master_records CASCADE;
TRUNCATE TABLE clients CASCADE;
TRUNCATE TABLE users CASCADE;
TRUNCATE TABLE pages CASCADE;
TRUNCATE TABLE modules CASCADE;
TRUNCATE TABLE roles CASCADE;

INSERT INTO roles (id, name, status_id) VALUES ('ROL-02', 'ADMIN', 'EST-01') ON CONFLICT DO NOTHING;
INSERT INTO roles (id, name, status_id) VALUES ('ROL-03', 'OPERACIONES', 'EST-01') ON CONFLICT DO NOTHING;
INSERT INTO roles (id, name, status_id) VALUES ('ROL-01', 'Super Admin', 'EST-01') ON CONFLICT DO NOTHING;

INSERT INTO modules (id, name, icon_class, status_id) VALUES ('MOD-04', 'SEGURIDAD & ACCESO', 'Shield', 'EST-01') ON CONFLICT DO NOTHING;
INSERT INTO modules (id, name, icon_class, status_id) VALUES ('MOD-01', 'CONFIGURACIÓN MAESTROS', 'Settings', 'EST-01') ON CONFLICT DO NOTHING;
INSERT INTO modules (id, name, icon_class, status_id) VALUES ('MOD-02', 'GESTIÓN AJOVER', 'Package', 'EST-01') ON CONFLICT DO NOTHING;
INSERT INTO modules (id, name, icon_class, status_id) VALUES ('MOD-03', 'GESTIÓN TRANSPORTE', 'Truck', 'EST-01') ON CONFLICT DO NOTHING;
INSERT INTO modules (id, name, icon_class, status_id) VALUES ('MOD-INT', 'M7 INTELLIGENCE', 'Brain', 'EST-01') ON CONFLICT DO NOTHING;

INSERT INTO pages (id, name, route, module_id, parent_id, status_id) VALUES ('PAG-03', 'CLIENTES', 'master', 'masterClientes', 'MOD-01', 'EST-01') ON CONFLICT DO NOTHING;
INSERT INTO pages (id, name, route, module_id, parent_id, status_id) VALUES ('PAG-04', 'ESTADOS GLOBALES', 'master', 'masterEstados', 'MOD-01', 'EST-01') ON CONFLICT DO NOTHING;
INSERT INTO pages (id, name, route, module_id, parent_id, status_id) VALUES ('PAG-05', 'MARCAS', 'master', 'masterMarcas', 'MOD-01', 'EST-01') ON CONFLICT DO NOTHING;
INSERT INTO pages (id, name, route, module_id, parent_id, status_id) VALUES ('PAG-06', 'NOTIFICACIONES', 'master', 'masterNotificaciones', 'MOD-01', 'EST-01') ON CONFLICT DO NOTHING;
INSERT INTO pages (id, name, route, module_id, parent_id, status_id) VALUES ('PAG-12', 'PLANEAR RUTAS', 'rutas', 'planearRutas', 'MOD-02', 'EST-01') ON CONFLICT DO NOTHING;
INSERT INTO pages (id, name, route, module_id, parent_id, status_id) VALUES ('PAG-13', 'RECIBIDO MATERIAL', 'recibido', 'recibidoMaterial', 'MOD-02', 'EST-01') ON CONFLICT DO NOTHING;
INSERT INTO pages (id, name, route, module_id, parent_id, status_id) VALUES ('PAG-14', 'FLOTAS & CONDUCTORES', 'flotas', 'flotasConductores', 'MOD-03', 'EST-01') ON CONFLICT DO NOTHING;
INSERT INTO pages (id, name, route, module_id, parent_id, status_id) VALUES ('PAG-18', 'PERMISOS POR ROL', 'master', 'masterPermisosRol', 'MOD-04', 'EST-01') ON CONFLICT DO NOTHING;
INSERT INTO pages (id, name, route, module_id, parent_id, status_id) VALUES ('PAG-19', 'PERMISOS POR USUARIO', 'master', 'masterPermisosUsuario', 'MOD-04', 'EST-01') ON CONFLICT DO NOTHING;
INSERT INTO pages (id, name, route, module_id, parent_id, status_id) VALUES ('PAG-20', 'ROLES DE SISTEMA', 'master', 'masterRol', 'MOD-04', 'EST-01') ON CONFLICT DO NOTHING;
INSERT INTO pages (id, name, route, module_id, parent_id, status_id) VALUES ('PAG-21', 'USUARIOS', 'master', 'masterUsuarios', 'MOD-04', 'EST-01') ON CONFLICT DO NOTHING;
INSERT INTO pages (id, name, route, module_id, parent_id, status_id) VALUES ('PAG-07', 'TIPOS DE DOCUMENTO', 'master', 'masterTipoDocumento', 'MOD-01', 'EST-01') ON CONFLICT DO NOTHING;
INSERT INTO pages (id, name, route, module_id, parent_id, status_id) VALUES ('PAG-09', 'TIPOS DE VEHÍCULO', 'master', 'masterTiposVehiculo', 'MOD-01', 'EST-01') ON CONFLICT DO NOTHING;
INSERT INTO pages (id, name, route, module_id, parent_id, status_id) VALUES ('PAG-10', 'UNIDADES DE MEDIDA', 'master', 'masterUnidadMedida', 'MOD-01', 'EST-01') ON CONFLICT DO NOTHING;
INSERT INTO pages (id, name, route, module_id, parent_id, status_id) VALUES ('PAG-11', 'GESTIÓN DOCUMENTOS L', 'documentos', 'gestionDocumentos', 'MOD-02', 'EST-01') ON CONFLICT DO NOTHING;
INSERT INTO pages (id, name, route, module_id, parent_id, status_id) VALUES ('PAG-15', 'VÍNCULO OPERATIVO', 'vinculo', 'vinculoOperativo', 'MOD-03', 'EST-01') ON CONFLICT DO NOTHING;
INSERT INTO pages (id, name, route, module_id, parent_id, status_id) VALUES ('PAG-16', 'MÓDULOS SISTEMA', 'master', 'masterModulos', 'MOD-04', 'EST-01') ON CONFLICT DO NOTHING;
INSERT INTO pages (id, name, route, module_id, parent_id, status_id) VALUES ('PAG-17', 'PÁGINAS WEB', 'master', 'masterPaginas', 'MOD-04', 'EST-01') ON CONFLICT DO NOTHING;
INSERT INTO pages (id, name, route, module_id, parent_id, status_id) VALUES ('PAG-08', 'TIPOS DE NOTIFICACIÓN', 'master', 'masterTipoNotificacion', 'MOD-01', 'EST-01') ON CONFLICT DO NOTHING;
INSERT INTO pages (id, name, route, module_id, parent_id, status_id) VALUES ('PAG-EXEC-01', 'DASHBOARD EJECUTIVO', 'executive-dashboard', 'MOD-INT', 'MOD-INT', 'EST-01') ON CONFLICT DO NOTHING;
INSERT INTO pages (id, name, route, module_id, parent_id, status_id) VALUES ('PAG-GAM-01', 'MIS LOGROS', 'gamification', 'MOD-03', 'MOD-INT', 'EST-01') ON CONFLICT DO NOTHING;
INSERT INTO pages (id, name, route, module_id, parent_id, status_id) VALUES ('PAG-01', 'ARTÍCULOS', 'master', 'masterArticulo', 'MOD-01', 'EST-01') ON CONFLICT DO NOTHING;
INSERT INTO pages (id, name, route, module_id, parent_id, status_id) VALUES ('PAG-02', 'CATEGORÍAS DE ARTÍCULO', 'master', 'masterCategorias', 'MOD-01', 'EST-01') ON CONFLICT DO NOTHING;
INSERT INTO pages (id, name, route, module_id, parent_id, status_id) VALUES ('PAG-CHAT-01', 'ASISTENTE IA', 'chatbot', 'MOD-INT', 'MOD-INT', 'EST-02') ON CONFLICT DO NOTHING;
INSERT INTO pages (id, name, route, module_id, parent_id, status_id) VALUES ('PAG-DESPACHO', 'DESPACHOS LOGÍSTICA', 'despacho', 'despacho', 'MOD-02', 'EST-01') ON CONFLICT DO NOTHING;
INSERT INTO pages (id, name, route, module_id, parent_id, status_id) VALUES ('PAG-22', 'CONEXIÓN WHATSAPP', 'whatsapp-status', 'masterWhatsApp', 'MOD-04', 'EST-01') ON CONFLICT DO NOTHING;
INSERT INTO pages (id, name, route, module_id, parent_id, status_id) VALUES ('PAG-FIRMAS', 'FIRMAS DIGITALES', 'firmas', 'masterPaginas', 'MOD-04', 'EST-01') ON CONFLICT DO NOTHING;
INSERT INTO pages (id, name, route, module_id, parent_id, status_id) VALUES ('PAG-FIRMAS-APR', 'APROBAR FIRMA', 'aprobar-firma', 'masterPaginas', 'MOD-04', 'EST-01') ON CONFLICT DO NOTHING;

INSERT INTO users (id, email, password, name, role_id, document_type, document_number, phone, avatar, client_ids, status_id, created_at, two_factor_enabled, two_factor_secret) VALUES ('USR-01', 'admin@millasiete.com', 'admin123', 'SUPER ADMINISTRADOR M7', 'ROL-01', NULL, NULL, NULL, NULL, '{"c1"}', 'EST-01', '"2026-02-08T02:33:26.101Z"', FALSE, NULL) ON CONFLICT DO NOTHING;

INSERT INTO clients (id, name, logo_url, status_id, created_at) VALUES ('c1', 'AJOVER S.A.S', NULL, 'EST-01', '"2026-02-08T02:33:26.084Z"') ON CONFLICT DO NOTHING;
INSERT INTO clients (id, name, logo_url, status_id, created_at) VALUES ('CLI-TEST-01', 'CLIENTE PRUEBA 1', NULL, 'EST-01', '"2026-02-08T02:34:47.207Z"') ON CONFLICT DO NOTHING;
INSERT INTO clients (id, name, logo_url, status_id, created_at) VALUES ('CLI-TEST-02', 'CLIENTE PRUEBA 2', NULL, 'EST-01', '"2026-02-08T02:34:47.207Z"') ON CONFLICT DO NOTHING;
INSERT INTO clients (id, name, logo_url, status_id, created_at) VALUES ('CLI-DEMO', 'CLIENTE DEMO PORTAL', NULL, 'EST-01', '"2026-02-08T03:50:33.370Z"') ON CONFLICT DO NOTHING;

INSERT INTO master_records (id, category, name, description, parent_id, notification_email, icon_class, status_id, created_at, created_by, updated_at, tipo_notificacion_id) VALUES ('EST-01', 'masterEstados', 'ACTIVO', NULL, NULL, NULL, NULL, 'EST-01', '"2026-02-08T02:33:26.104Z"', NULL, '"2026-02-08T02:33:26.104Z"', NULL) ON CONFLICT DO NOTHING;
INSERT INTO master_records (id, category, name, description, parent_id, notification_email, icon_class, status_id, created_at, created_by, updated_at, tipo_notificacion_id) VALUES ('UM-01', 'masterUnidadMedida', 'UNIDAD', NULL, NULL, NULL, NULL, 'EST-01', '"2026-02-08T02:34:47.225Z"', NULL, '"2026-02-08T02:34:47.225Z"', NULL) ON CONFLICT DO NOTHING;
INSERT INTO master_records (id, category, name, description, parent_id, notification_email, icon_class, status_id, created_at, created_by, updated_at, tipo_notificacion_id) VALUES ('UM-02', 'masterUnidadMedida', 'KG', NULL, NULL, NULL, NULL, 'EST-01', '"2026-02-08T02:34:47.225Z"', NULL, '"2026-02-08T02:34:47.225Z"', NULL) ON CONFLICT DO NOTHING;
INSERT INTO master_records (id, category, name, description, parent_id, notification_email, icon_class, status_id, created_at, created_by, updated_at, tipo_notificacion_id) VALUES ('PAG-FIRMAS', 'masterPaginas', 'FIRMAS DIGITALES', NULL, 'MOD-04', NULL, NULL, 'EST-01', '"2026-02-08T02:40:33.073Z"', NULL, '"2026-02-08T02:40:33.073Z"', NULL) ON CONFLICT DO NOTHING;
INSERT INTO master_records (id, category, name, description, parent_id, notification_email, icon_class, status_id, created_at, created_by, updated_at, tipo_notificacion_id) VALUES ('PAG-FIRMAS-APR', 'masterPaginas', 'APROBAR FIRMA', NULL, 'MOD-04', NULL, NULL, 'EST-01', '"2026-02-08T02:40:33.073Z"', NULL, '"2026-02-08T02:40:33.073Z"', NULL) ON CONFLICT DO NOTHING;
INSERT INTO master_records (id, category, name, description, parent_id, notification_email, icon_class, status_id, created_at, created_by, updated_at, tipo_notificacion_id) VALUES ('EST-08', 'masterEstados', 'INVENTARIADO', 'Proceso de inventario finalizado', NULL, NULL, NULL, 'EST-01', '"2026-02-08T02:38:06.034Z"', NULL, '"2026-02-08T02:38:06.034Z"', NULL) ON CONFLICT DO NOTHING;
INSERT INTO master_records (id, category, name, description, parent_id, notification_email, icon_class, status_id, created_at, created_by, updated_at, tipo_notificacion_id) VALUES ('TV-01', 'masterTiposVehiculo', 'FURGÓN', NULL, NULL, NULL, NULL, 'EST-01', '"2026-02-08T02:34:47.225Z"', NULL, '"2026-02-08T02:34:47.225Z"', NULL) ON CONFLICT DO NOTHING;
INSERT INTO master_records (id, category, name, description, parent_id, notification_email, icon_class, status_id, created_at, created_by, updated_at, tipo_notificacion_id) VALUES ('TV-02', 'masterTiposVehiculo', 'CAMIÓN', NULL, NULL, NULL, NULL, 'EST-01', '"2026-02-08T02:34:47.225Z"', NULL, '"2026-02-08T02:34:47.225Z"', NULL) ON CONFLICT DO NOTHING;
INSERT INTO master_records (id, category, name, description, parent_id, notification_email, icon_class, status_id, created_at, created_by, updated_at, tipo_notificacion_id) VALUES ('PAG-CHAT-01', 'masterPaginas', 'ASISTENTE IA', NULL, 'MOD-INT', '', '', 'EST-01', '"2026-02-08T03:32:30.283Z"', NULL, '"2026-02-08T03:32:30.283Z"', NULL) ON CONFLICT DO NOTHING;
INSERT INTO master_records (id, category, name, description, parent_id, notification_email, icon_class, status_id, created_at, created_by, updated_at, tipo_notificacion_id) VALUES ('PAG-EXEC-01', 'masterPaginas', 'DASHBOARD EJECUTIVO', NULL, 'MOD-INT', '', '', 'EST-01', '"2026-02-08T03:32:49.588Z"', NULL, '"2026-02-08T03:32:49.588Z"', NULL) ON CONFLICT DO NOTHING;
INSERT INTO master_records (id, category, name, description, parent_id, notification_email, icon_class, status_id, created_at, created_by, updated_at, tipo_notificacion_id) VALUES ('PAG-GAM-01', 'masterPaginas', 'MIS LOGROS', NULL, 'MOD-INT', '', '', 'EST-01', '"2026-02-08T03:32:59.535Z"', NULL, '"2026-02-08T03:32:59.535Z"', NULL) ON CONFLICT DO NOTHING;
INSERT INTO master_records (id, category, name, description, parent_id, notification_email, icon_class, status_id, created_at, created_by, updated_at, tipo_notificacion_id) VALUES ('TGN-WA', 'masterTipoNotificacion', 'WHATSAPP', NULL, NULL, NULL, NULL, 'EST-01', '"2026-02-08T03:28:37.676Z"', NULL, '"2026-02-08T03:28:37.676Z"', NULL) ON CONFLICT DO NOTHING;
INSERT INTO master_records (id, category, name, description, parent_id, notification_email, icon_class, status_id, created_at, created_by, updated_at, tipo_notificacion_id) VALUES ('TGN-EMAIL', 'masterTipoNotificacion', 'EMAILS', NULL, '', '', '', 'EST-01', '"2026-02-08T03:28:37.673Z"', NULL, '"2026-02-10T17:29:47.720Z"', NULL) ON CONFLICT DO NOTHING;
INSERT INTO master_records (id, category, name, description, parent_id, notification_email, icon_class, status_id, created_at, created_by, updated_at, tipo_notificacion_id) VALUES ('CAT-01', 'masterCategorias', 'ICOPOR', NULL, '', '', '', 'EST-01', '"2026-02-08T06:52:18.434Z"', NULL, '"2026-02-08T06:52:18.434Z"', NULL) ON CONFLICT DO NOTHING;
INSERT INTO master_records (id, category, name, description, parent_id, notification_email, icon_class, status_id, created_at, created_by, updated_at, tipo_notificacion_id) VALUES ('EST-09', 'masterEstados', 'DISPONIBLE', NULL, '', '', '', 'EST-01', '"2026-02-09T00:02:53.222Z"', NULL, '"2026-02-09T00:02:53.222Z"', NULL) ON CONFLICT DO NOTHING;
INSERT INTO master_records (id, category, name, description, parent_id, notification_email, icon_class, status_id, created_at, created_by, updated_at, tipo_notificacion_id) VALUES ('EST-02', 'masterEstados', 'INACTIVO', NULL, '', '', '', 'EST-01', '"2026-02-08T02:33:26.104Z"', NULL, '"2026-02-09T00:03:11.957Z"', NULL) ON CONFLICT DO NOTHING;
INSERT INTO master_records (id, category, name, description, parent_id, notification_email, icon_class, status_id, created_at, created_by, updated_at, tipo_notificacion_id) VALUES ('MAR-001', 'masterMarcas', 'Chevrolet', 'General Motors Colombia - Líder del mercado', NULL, NULL, NULL, 'EST-01', '"2026-02-09T00:06:10.743Z"', NULL, '"2026-02-09T00:06:10.743Z"', NULL) ON CONFLICT DO NOTHING;
INSERT INTO master_records (id, category, name, description, parent_id, notification_email, icon_class, status_id, created_at, created_by, updated_at, tipo_notificacion_id) VALUES ('MAR-002', 'masterMarcas', 'Renault', 'Renault-Sofasa - Segunda marca más vendida', NULL, NULL, NULL, 'EST-01', '"2026-02-09T00:06:10.743Z"', NULL, '"2026-02-09T00:06:10.743Z"', NULL) ON CONFLICT DO NOTHING;
INSERT INTO master_records (id, category, name, description, parent_id, notification_email, icon_class, status_id, created_at, created_by, updated_at, tipo_notificacion_id) VALUES ('MAR-003', 'masterMarcas', 'Mazda', 'Compañía Colombiana Automotriz', NULL, NULL, NULL, 'EST-01', '"2026-02-09T00:06:10.743Z"', NULL, '"2026-02-09T00:06:10.743Z"', NULL) ON CONFLICT DO NOTHING;
INSERT INTO master_records (id, category, name, description, parent_id, notification_email, icon_class, status_id, created_at, created_by, updated_at, tipo_notificacion_id) VALUES ('MAR-004', 'masterMarcas', 'Kia', 'Kia Colombia', NULL, NULL, NULL, 'EST-01', '"2026-02-09T00:06:10.743Z"', NULL, '"2026-02-09T00:06:10.743Z"', NULL) ON CONFLICT DO NOTHING;
INSERT INTO master_records (id, category, name, description, parent_id, notification_email, icon_class, status_id, created_at, created_by, updated_at, tipo_notificacion_id) VALUES ('MAR-005', 'masterMarcas', 'Hyundai', 'Hyundai Colombia', NULL, NULL, NULL, 'EST-01', '"2026-02-09T00:06:10.743Z"', NULL, '"2026-02-09T00:06:10.743Z"', NULL) ON CONFLICT DO NOTHING;
INSERT INTO master_records (id, category, name, description, parent_id, notification_email, icon_class, status_id, created_at, created_by, updated_at, tipo_notificacion_id) VALUES ('MAR-006', 'masterMarcas', 'Toyota', 'Toyota de Colombia', NULL, NULL, NULL, 'EST-01', '"2026-02-09T00:06:10.743Z"', NULL, '"2026-02-09T00:06:10.743Z"', NULL) ON CONFLICT DO NOTHING;
INSERT INTO master_records (id, category, name, description, parent_id, notification_email, icon_class, status_id, created_at, created_by, updated_at, tipo_notificacion_id) VALUES ('MAR-007', 'masterMarcas', 'Nissan', 'Nissan Colombia', NULL, NULL, NULL, 'EST-01', '"2026-02-09T00:06:10.743Z"', NULL, '"2026-02-09T00:06:10.743Z"', NULL) ON CONFLICT DO NOTHING;
INSERT INTO master_records (id, category, name, description, parent_id, notification_email, icon_class, status_id, created_at, created_by, updated_at, tipo_notificacion_id) VALUES ('MAR-008', 'masterMarcas', 'Ford', 'Ford Motor de Colombia', NULL, NULL, NULL, 'EST-01', '"2026-02-09T00:06:10.743Z"', NULL, '"2026-02-09T00:06:10.743Z"', NULL) ON CONFLICT DO NOTHING;
INSERT INTO master_records (id, category, name, description, parent_id, notification_email, icon_class, status_id, created_at, created_by, updated_at, tipo_notificacion_id) VALUES ('MAR-009', 'masterMarcas', 'Volkswagen', 'Volkswagen Colombia', NULL, NULL, NULL, 'EST-01', '"2026-02-09T00:06:10.743Z"', NULL, '"2026-02-09T00:06:10.743Z"', NULL) ON CONFLICT DO NOTHING;
INSERT INTO master_records (id, category, name, description, parent_id, notification_email, icon_class, status_id, created_at, created_by, updated_at, tipo_notificacion_id) VALUES ('MAR-010', 'masterMarcas', 'Suzuki', 'Suzuki Motor de Colombia', NULL, NULL, NULL, 'EST-01', '"2026-02-09T00:06:10.743Z"', NULL, '"2026-02-09T00:06:10.743Z"', NULL) ON CONFLICT DO NOTHING;
INSERT INTO master_records (id, category, name, description, parent_id, notification_email, icon_class, status_id, created_at, created_by, updated_at, tipo_notificacion_id) VALUES ('MAR-011', 'masterMarcas', 'Honda', 'Honda Colombia', NULL, NULL, NULL, 'EST-01', '"2026-02-09T00:06:10.743Z"', NULL, '"2026-02-09T00:06:10.743Z"', NULL) ON CONFLICT DO NOTHING;
INSERT INTO master_records (id, category, name, description, parent_id, notification_email, icon_class, status_id, created_at, created_by, updated_at, tipo_notificacion_id) VALUES ('MAR-012', 'masterMarcas', 'Mitsubishi', 'Mitsubishi Motors Colombia', NULL, NULL, NULL, 'EST-01', '"2026-02-09T00:06:10.743Z"', NULL, '"2026-02-09T00:06:10.743Z"', NULL) ON CONFLICT DO NOTHING;
INSERT INTO master_records (id, category, name, description, parent_id, notification_email, icon_class, status_id, created_at, created_by, updated_at, tipo_notificacion_id) VALUES ('MAR-013', 'masterMarcas', 'Peugeot', 'Peugeot Colombia', NULL, NULL, NULL, 'EST-01', '"2026-02-09T00:06:10.743Z"', NULL, '"2026-02-09T00:06:10.743Z"', NULL) ON CONFLICT DO NOTHING;
INSERT INTO master_records (id, category, name, description, parent_id, notification_email, icon_class, status_id, created_at, created_by, updated_at, tipo_notificacion_id) VALUES ('MAR-014', 'masterMarcas', 'Citroën', 'Citroën Colombia', NULL, NULL, NULL, 'EST-01', '"2026-02-09T00:06:10.743Z"', NULL, '"2026-02-09T00:06:10.743Z"', NULL) ON CONFLICT DO NOTHING;
INSERT INTO master_records (id, category, name, description, parent_id, notification_email, icon_class, status_id, created_at, created_by, updated_at, tipo_notificacion_id) VALUES ('MAR-015', 'masterMarcas', 'Fiat', 'Fiat Chrysler Colombia', NULL, NULL, NULL, 'EST-01', '"2026-02-09T00:06:10.743Z"', NULL, '"2026-02-09T00:06:10.743Z"', NULL) ON CONFLICT DO NOTHING;
INSERT INTO master_records (id, category, name, description, parent_id, notification_email, icon_class, status_id, created_at, created_by, updated_at, tipo_notificacion_id) VALUES ('MAR-016', 'masterMarcas', 'Jeep', 'Jeep Colombia (FCA)', NULL, NULL, NULL, 'EST-01', '"2026-02-09T00:06:10.743Z"', NULL, '"2026-02-09T00:06:10.743Z"', NULL) ON CONFLICT DO NOTHING;
INSERT INTO master_records (id, category, name, description, parent_id, notification_email, icon_class, status_id, created_at, created_by, updated_at, tipo_notificacion_id) VALUES ('MAR-017', 'masterMarcas', 'Isuzu', 'Isuzu Colombia - Vehículos comerciales', NULL, NULL, NULL, 'EST-01', '"2026-02-09T00:06:10.743Z"', NULL, '"2026-02-09T00:06:10.743Z"', NULL) ON CONFLICT DO NOTHING;
INSERT INTO master_records (id, category, name, description, parent_id, notification_email, icon_class, status_id, created_at, created_by, updated_at, tipo_notificacion_id) VALUES ('MAR-018', 'masterMarcas', 'JAC', 'JAC Motors Colombia', NULL, NULL, NULL, 'EST-01', '"2026-02-09T00:06:10.743Z"', NULL, '"2026-02-09T00:06:10.743Z"', NULL) ON CONFLICT DO NOTHING;
INSERT INTO master_records (id, category, name, description, parent_id, notification_email, icon_class, status_id, created_at, created_by, updated_at, tipo_notificacion_id) VALUES ('MAR-019', 'masterMarcas', 'Dongfeng', 'Dongfeng Motor Colombia', NULL, NULL, NULL, 'EST-01', '"2026-02-09T00:06:10.743Z"', NULL, '"2026-02-09T00:06:10.743Z"', NULL) ON CONFLICT DO NOTHING;
INSERT INTO master_records (id, category, name, description, parent_id, notification_email, icon_class, status_id, created_at, created_by, updated_at, tipo_notificacion_id) VALUES ('MAR-020', 'masterMarcas', 'Chery', 'Chery Colombia', NULL, NULL, NULL, 'EST-01', '"2026-02-09T00:06:10.743Z"', NULL, '"2026-02-09T00:06:10.743Z"', NULL) ON CONFLICT DO NOTHING;
INSERT INTO master_records (id, category, name, description, parent_id, notification_email, icon_class, status_id, created_at, created_by, updated_at, tipo_notificacion_id) VALUES ('MAR-021', 'masterMarcas', 'MG', 'MG Motor Colombia', NULL, NULL, NULL, 'EST-01', '"2026-02-09T00:06:10.743Z"', NULL, '"2026-02-09T00:06:10.743Z"', NULL) ON CONFLICT DO NOTHING;
INSERT INTO master_records (id, category, name, description, parent_id, notification_email, icon_class, status_id, created_at, created_by, updated_at, tipo_notificacion_id) VALUES ('MAR-022', 'masterMarcas', 'BYD', 'BYD Colombia - Vehículos eléctricos', NULL, NULL, NULL, 'EST-01', '"2026-02-09T00:06:10.743Z"', NULL, '"2026-02-09T00:06:10.743Z"', NULL) ON CONFLICT DO NOTHING;
INSERT INTO master_records (id, category, name, description, parent_id, notification_email, icon_class, status_id, created_at, created_by, updated_at, tipo_notificacion_id) VALUES ('MAR-023', 'masterMarcas', 'Mercedes-Benz', 'Mercedes-Benz Colombia', NULL, NULL, NULL, 'EST-01', '"2026-02-09T00:06:10.743Z"', NULL, '"2026-02-09T00:06:10.743Z"', NULL) ON CONFLICT DO NOTHING;
INSERT INTO master_records (id, category, name, description, parent_id, notification_email, icon_class, status_id, created_at, created_by, updated_at, tipo_notificacion_id) VALUES ('MAR-024', 'masterMarcas', 'Volvo', 'Volvo Colombia - Vehículos pesados', NULL, NULL, NULL, 'EST-01', '"2026-02-09T00:06:10.743Z"', NULL, '"2026-02-09T00:06:10.743Z"', NULL) ON CONFLICT DO NOTHING;
INSERT INTO master_records (id, category, name, description, parent_id, notification_email, icon_class, status_id, created_at, created_by, updated_at, tipo_notificacion_id) VALUES ('MAR-025', 'masterMarcas', 'Scania', 'Scania Colombia - Transporte pesado', NULL, NULL, NULL, 'EST-01', '"2026-02-09T00:06:10.743Z"', NULL, '"2026-02-09T00:06:10.743Z"', NULL) ON CONFLICT DO NOTHING;
INSERT INTO master_records (id, category, name, description, parent_id, notification_email, icon_class, status_id, created_at, created_by, updated_at, tipo_notificacion_id) VALUES ('MAR-026', 'masterMarcas', 'Hino', 'Hino Colombia - Camiones', NULL, NULL, NULL, 'EST-01', '"2026-02-09T00:06:10.743Z"', NULL, '"2026-02-09T00:06:10.743Z"', NULL) ON CONFLICT DO NOTHING;
INSERT INTO master_records (id, category, name, description, parent_id, notification_email, icon_class, status_id, created_at, created_by, updated_at, tipo_notificacion_id) VALUES ('MAR-027', 'masterMarcas', 'Foton', 'Foton Colombia - Vehículos comerciales', NULL, NULL, NULL, 'EST-01', '"2026-02-09T00:06:10.743Z"', NULL, '"2026-02-09T00:06:10.743Z"', NULL) ON CONFLICT DO NOTHING;
INSERT INTO master_records (id, category, name, description, parent_id, notification_email, icon_class, status_id, created_at, created_by, updated_at, tipo_notificacion_id) VALUES ('MAR-028', 'masterMarcas', 'Great Wall', 'Great Wall Motors Colombia', NULL, NULL, NULL, 'EST-01', '"2026-02-09T00:06:10.743Z"', NULL, '"2026-02-09T00:06:10.743Z"', NULL) ON CONFLICT DO NOTHING;
INSERT INTO master_records (id, category, name, description, parent_id, notification_email, icon_class, status_id, created_at, created_by, updated_at, tipo_notificacion_id) VALUES ('MAR-029', 'masterMarcas', 'SsangYong', 'SsangYong Colombia', NULL, NULL, NULL, 'EST-01', '"2026-02-09T00:06:10.743Z"', NULL, '"2026-02-09T00:06:10.743Z"', NULL) ON CONFLICT DO NOTHING;
INSERT INTO master_records (id, category, name, description, parent_id, notification_email, icon_class, status_id, created_at, created_by, updated_at, tipo_notificacion_id) VALUES ('MAR-030', 'masterMarcas', 'Subaru', 'Subaru Colombia', NULL, NULL, NULL, 'EST-01', '"2026-02-09T00:06:10.743Z"', NULL, '"2026-02-09T00:06:10.743Z"', NULL) ON CONFLICT DO NOTHING;
INSERT INTO master_records (id, category, name, description, parent_id, notification_email, icon_class, status_id, created_at, created_by, updated_at, tipo_notificacion_id) VALUES ('DOC-01', 'masterTipoDocumento', 'CC- CEDULA CIUDADANIA', NULL, '', '', '', 'EST-01', '"2026-02-09T01:03:08.175Z"', NULL, '"2026-02-09T01:03:20.021Z"', NULL) ON CONFLICT DO NOTHING;
INSERT INTO master_records (id, category, name, description, parent_id, notification_email, icon_class, status_id, created_at, created_by, updated_at, tipo_notificacion_id) VALUES ('DOC-02', 'masterTipoDocumento', 'NIT', NULL, '', '', '', 'EST-01', '"2026-02-09T01:03:26.413Z"', NULL, '"2026-02-09T01:03:26.413Z"', NULL) ON CONFLICT DO NOTHING;
INSERT INTO master_records (id, category, name, description, parent_id, notification_email, icon_class, status_id, created_at, created_by, updated_at, tipo_notificacion_id) VALUES ('DOC-03', 'masterTipoDocumento', 'CE - CEDULA EXTRANJERIA', NULL, '', '', '', 'EST-01', '"2026-02-09T01:03:55.988Z"', NULL, '"2026-02-09T01:03:55.988Z"', NULL) ON CONFLICT DO NOTHING;
INSERT INTO master_records (id, category, name, description, parent_id, notification_email, icon_class, status_id, created_at, created_by, updated_at, tipo_notificacion_id) VALUES ('M7-01', 'masterTipoNotificacion', 'INVENTARIO AJOVER', NULL, '', '', '', 'EST-01', '"2026-02-09T01:04:03.559Z"', NULL, '"2026-02-10T16:31:05.678Z"', NULL) ON CONFLICT DO NOTHING;
INSERT INTO master_records (id, category, name, description, parent_id, notification_email, icon_class, status_id, created_at, created_by, updated_at, tipo_notificacion_id) VALUES ('UOM-001', 'masterUnidadMedida', 'Kilogramo', 'kg - Unidad básica de masa (SI)', NULL, NULL, NULL, 'EST-01', '"2026-02-09T01:43:13.735Z"', NULL, '"2026-02-09T01:43:13.735Z"', NULL) ON CONFLICT DO NOTHING;
INSERT INTO master_records (id, category, name, description, parent_id, notification_email, icon_class, status_id, created_at, created_by, updated_at, tipo_notificacion_id) VALUES ('UOM-002', 'masterUnidadMedida', 'Gramo', 'g - Milésima parte del kilogramo', NULL, NULL, NULL, 'EST-01', '"2026-02-09T01:43:13.735Z"', NULL, '"2026-02-09T01:43:13.735Z"', NULL) ON CONFLICT DO NOTHING;
INSERT INTO master_records (id, category, name, description, parent_id, notification_email, icon_class, status_id, created_at, created_by, updated_at, tipo_notificacion_id) VALUES ('UOM-003', 'masterUnidadMedida', 'Tonelada', 't - Equivale a 1000 kg', NULL, NULL, NULL, 'EST-01', '"2026-02-09T01:43:13.735Z"', NULL, '"2026-02-09T01:43:13.735Z"', NULL) ON CONFLICT DO NOTHING;
INSERT INTO master_records (id, category, name, description, parent_id, notification_email, icon_class, status_id, created_at, created_by, updated_at, tipo_notificacion_id) VALUES ('UOM-004', 'masterUnidadMedida', 'Libra', 'lb - Unidad de masa (aprox 0.453 kg)', NULL, NULL, NULL, 'EST-01', '"2026-02-09T01:43:13.735Z"', NULL, '"2026-02-09T01:43:13.735Z"', NULL) ON CONFLICT DO NOTHING;
INSERT INTO master_records (id, category, name, description, parent_id, notification_email, icon_class, status_id, created_at, created_by, updated_at, tipo_notificacion_id) VALUES ('UOM-005', 'masterUnidadMedida', 'Litro', 'L - Unidad de volumen', NULL, NULL, NULL, 'EST-01', '"2026-02-09T01:43:13.735Z"', NULL, '"2026-02-09T01:43:13.735Z"', NULL) ON CONFLICT DO NOTHING;
INSERT INTO master_records (id, category, name, description, parent_id, notification_email, icon_class, status_id, created_at, created_by, updated_at, tipo_notificacion_id) VALUES ('UOM-006', 'masterUnidadMedida', 'Mililitro', 'mL - Milésima parte del litro', NULL, NULL, NULL, 'EST-01', '"2026-02-09T01:43:13.735Z"', NULL, '"2026-02-09T01:43:13.735Z"', NULL) ON CONFLICT DO NOTHING;
INSERT INTO master_records (id, category, name, description, parent_id, notification_email, icon_class, status_id, created_at, created_by, updated_at, tipo_notificacion_id) VALUES ('UOM-007', 'masterUnidadMedida', 'Metro Cúbico', 'm - Volumen de un cubo de 1m de lado', NULL, NULL, NULL, 'EST-01', '"2026-02-09T01:43:13.735Z"', NULL, '"2026-02-09T01:43:13.735Z"', NULL) ON CONFLICT DO NOTHING;
INSERT INTO master_records (id, category, name, description, parent_id, notification_email, icon_class, status_id, created_at, created_by, updated_at, tipo_notificacion_id) VALUES ('UOM-008', 'masterUnidadMedida', 'Galón', 'gal - Unidad de volumen (aprox 3.785 L)', NULL, NULL, NULL, 'EST-01', '"2026-02-09T01:43:13.735Z"', NULL, '"2026-02-09T01:43:13.735Z"', NULL) ON CONFLICT DO NOTHING;
INSERT INTO master_records (id, category, name, description, parent_id, notification_email, icon_class, status_id, created_at, created_by, updated_at, tipo_notificacion_id) VALUES ('UOM-009', 'masterUnidadMedida', 'Metro', 'm - Unidad básica de longitud (SI)', NULL, NULL, NULL, 'EST-01', '"2026-02-09T01:43:13.735Z"', NULL, '"2026-02-09T01:43:13.735Z"', NULL) ON CONFLICT DO NOTHING;
INSERT INTO master_records (id, category, name, description, parent_id, notification_email, icon_class, status_id, created_at, created_by, updated_at, tipo_notificacion_id) VALUES ('UOM-010', 'masterUnidadMedida', 'Centímetro', 'cm - Centésima parte del metro', NULL, NULL, NULL, 'EST-01', '"2026-02-09T01:43:13.735Z"', NULL, '"2026-02-09T01:43:13.735Z"', NULL) ON CONFLICT DO NOTHING;
INSERT INTO master_records (id, category, name, description, parent_id, notification_email, icon_class, status_id, created_at, created_by, updated_at, tipo_notificacion_id) VALUES ('UOM-011', 'masterUnidadMedida', 'Milímetro', 'mm - Milésima parte del metro', NULL, NULL, NULL, 'EST-01', '"2026-02-09T01:43:13.735Z"', NULL, '"2026-02-09T01:43:13.735Z"', NULL) ON CONFLICT DO NOTHING;
INSERT INTO master_records (id, category, name, description, parent_id, notification_email, icon_class, status_id, created_at, created_by, updated_at, tipo_notificacion_id) VALUES ('UOM-012', 'masterUnidadMedida', 'Kilómetro', 'km - 1000 metros', NULL, NULL, NULL, 'EST-01', '"2026-02-09T01:43:13.735Z"', NULL, '"2026-02-09T01:43:13.735Z"', NULL) ON CONFLICT DO NOTHING;
INSERT INTO master_records (id, category, name, description, parent_id, notification_email, icon_class, status_id, created_at, created_by, updated_at, tipo_notificacion_id) VALUES ('UOM-013', 'masterUnidadMedida', 'Unidad', 'UN - Pieza individual', NULL, NULL, NULL, 'EST-01', '"2026-02-09T01:43:13.735Z"', NULL, '"2026-02-09T01:43:13.735Z"', NULL) ON CONFLICT DO NOTHING;
INSERT INTO master_records (id, category, name, description, parent_id, notification_email, icon_class, status_id, created_at, created_by, updated_at, tipo_notificacion_id) VALUES ('UOM-014', 'masterUnidadMedida', 'Caja', 'CJ - Empaque estándar de productos', NULL, NULL, NULL, 'EST-01', '"2026-02-09T01:43:13.735Z"', NULL, '"2026-02-09T01:43:13.735Z"', NULL) ON CONFLICT DO NOTHING;
INSERT INTO master_records (id, category, name, description, parent_id, notification_email, icon_class, status_id, created_at, created_by, updated_at, tipo_notificacion_id) VALUES ('UOM-015', 'masterUnidadMedida', 'Paquete', 'PQ - Conjunto de unidades', NULL, NULL, NULL, 'EST-01', '"2026-02-09T01:43:13.735Z"', NULL, '"2026-02-09T01:43:13.735Z"', NULL) ON CONFLICT DO NOTHING;
INSERT INTO master_records (id, category, name, description, parent_id, notification_email, icon_class, status_id, created_at, created_by, updated_at, tipo_notificacion_id) VALUES ('UOM-016', 'masterUnidadMedida', 'Pallet', 'PL - Estiba o tarima', NULL, NULL, NULL, 'EST-01', '"2026-02-09T01:43:13.735Z"', NULL, '"2026-02-09T01:43:13.735Z"', NULL) ON CONFLICT DO NOTHING;
INSERT INTO master_records (id, category, name, description, parent_id, notification_email, icon_class, status_id, created_at, created_by, updated_at, tipo_notificacion_id) VALUES ('UOM-017', 'masterUnidadMedida', 'Docena', 'DZ - Conjunto de 12 unidades', NULL, NULL, NULL, 'EST-01', '"2026-02-09T01:43:13.735Z"', NULL, '"2026-02-09T01:43:13.735Z"', NULL) ON CONFLICT DO NOTHING;
INSERT INTO master_records (id, category, name, description, parent_id, notification_email, icon_class, status_id, created_at, created_by, updated_at, tipo_notificacion_id) VALUES ('TVH-001', 'masterTiposVehiculo', 'Camioneta', 'Vehículo de carga liviana (pickups)', NULL, NULL, NULL, 'EST-01', '"2026-02-09T01:43:23.117Z"', NULL, '"2026-02-09T01:43:23.117Z"', NULL) ON CONFLICT DO NOTHING;
INSERT INTO master_records (id, category, name, description, parent_id, notification_email, icon_class, status_id, created_at, created_by, updated_at, tipo_notificacion_id) VALUES ('TVH-002', 'masterTiposVehiculo', 'Furgón', 'Vehículo cerrado para carga protegida', NULL, NULL, NULL, 'EST-01', '"2026-02-09T01:43:23.117Z"', NULL, '"2026-02-09T01:43:23.117Z"', NULL) ON CONFLICT DO NOTHING;
INSERT INTO master_records (id, category, name, description, parent_id, notification_email, icon_class, status_id, created_at, created_by, updated_at, tipo_notificacion_id) VALUES ('TVH-003', 'masterTiposVehiculo', 'Van', 'Vehículo de carga y pasajeros pequeño', NULL, NULL, NULL, 'EST-01', '"2026-02-09T01:43:23.117Z"', NULL, '"2026-02-09T01:43:23.117Z"', NULL) ON CONFLICT DO NOTHING;
INSERT INTO master_records (id, category, name, description, parent_id, notification_email, icon_class, status_id, created_at, created_by, updated_at, tipo_notificacion_id) VALUES ('TVH-004', 'masterTiposVehiculo', 'Camión Sencillo', 'Camión de 2 ejes para carga mediana', NULL, NULL, NULL, 'EST-01', '"2026-02-09T01:43:23.117Z"', NULL, '"2026-02-09T01:43:23.117Z"', NULL) ON CONFLICT DO NOTHING;
INSERT INTO master_records (id, category, name, description, parent_id, notification_email, icon_class, status_id, created_at, created_by, updated_at, tipo_notificacion_id) VALUES ('TVH-005', 'masterTiposVehiculo', 'Camión Doble Troque', 'Camión de 3 ejes con mayor capacidad', NULL, NULL, NULL, 'EST-01', '"2026-02-09T01:43:23.117Z"', NULL, '"2026-02-09T01:43:23.117Z"', NULL) ON CONFLICT DO NOTHING;
INSERT INTO master_records (id, category, name, description, parent_id, notification_email, icon_class, status_id, created_at, created_by, updated_at, tipo_notificacion_id) VALUES ('TVH-006', 'masterTiposVehiculo', 'Camión Turbo', 'Camión mediano de alto rendimiento', NULL, NULL, NULL, 'EST-01', '"2026-02-09T01:43:23.117Z"', NULL, '"2026-02-09T01:43:23.117Z"', NULL) ON CONFLICT DO NOTHING;
INSERT INTO master_records (id, category, name, description, parent_id, notification_email, icon_class, status_id, created_at, created_by, updated_at, tipo_notificacion_id) VALUES ('TVH-007', 'masterTiposVehiculo', 'Tractocamión', 'Cabezote para arrastre de semirremolque', NULL, NULL, NULL, 'EST-01', '"2026-02-09T01:43:23.117Z"', NULL, '"2026-02-09T01:43:23.117Z"', NULL) ON CONFLICT DO NOTHING;
INSERT INTO master_records (id, category, name, description, parent_id, notification_email, icon_class, status_id, created_at, created_by, updated_at, tipo_notificacion_id) VALUES ('TVH-008', 'masterTiposVehiculo', 'Minimula', 'Tractocamión de tamaño reducido', NULL, NULL, NULL, 'EST-01', '"2026-02-09T01:43:23.117Z"', NULL, '"2026-02-09T01:43:23.117Z"', NULL) ON CONFLICT DO NOTHING;
INSERT INTO master_records (id, category, name, description, parent_id, notification_email, icon_class, status_id, created_at, created_by, updated_at, tipo_notificacion_id) VALUES ('TVH-009', 'masterTiposVehiculo', 'Patineta', 'Remolque de plataforma baja', NULL, NULL, NULL, 'EST-01', '"2026-02-09T01:43:23.117Z"', NULL, '"2026-02-09T01:43:23.117Z"', NULL) ON CONFLICT DO NOTHING;
INSERT INTO master_records (id, category, name, description, parent_id, notification_email, icon_class, status_id, created_at, created_by, updated_at, tipo_notificacion_id) VALUES ('TVH-010', 'masterTiposVehiculo', 'Camión Refrigerado', 'Vehículo con sistema de refrigeración', NULL, NULL, NULL, 'EST-01', '"2026-02-09T01:43:23.117Z"', NULL, '"2026-02-09T01:43:23.117Z"', NULL) ON CONFLICT DO NOTHING;
INSERT INTO master_records (id, category, name, description, parent_id, notification_email, icon_class, status_id, created_at, created_by, updated_at, tipo_notificacion_id) VALUES ('TVH-011', 'masterTiposVehiculo', 'Camión Tanque', 'Para transporte de líquidos', NULL, NULL, NULL, 'EST-01', '"2026-02-09T01:43:23.117Z"', NULL, '"2026-02-09T01:43:23.117Z"', NULL) ON CONFLICT DO NOTHING;
INSERT INTO master_records (id, category, name, description, parent_id, notification_email, icon_class, status_id, created_at, created_by, updated_at, tipo_notificacion_id) VALUES ('TVH-012', 'masterTiposVehiculo', 'Volqueta', 'Camión con volcó para material de construcción', NULL, NULL, NULL, 'EST-01', '"2026-02-09T01:43:23.117Z"', NULL, '"2026-02-09T01:43:23.117Z"', NULL) ON CONFLICT DO NOTHING;
INSERT INTO master_records (id, category, name, description, parent_id, notification_email, icon_class, status_id, created_at, created_by, updated_at, tipo_notificacion_id) VALUES ('TVH-013', 'masterTiposVehiculo', 'Camión Estacas', 'Camión con platón y estacas laterales', NULL, NULL, NULL, 'EST-01', '"2026-02-09T01:43:23.117Z"', NULL, '"2026-02-09T01:43:23.117Z"', NULL) ON CONFLICT DO NOTHING;
INSERT INTO master_records (id, category, name, description, parent_id, notification_email, icon_class, status_id, created_at, created_by, updated_at, tipo_notificacion_id) VALUES ('TVH-014', 'masterTiposVehiculo', 'Camión Plataforma', 'Camión con platón abierto sin estacas', NULL, NULL, NULL, 'EST-01', '"2026-02-09T01:43:23.117Z"', NULL, '"2026-02-09T01:43:23.117Z"', NULL) ON CONFLICT DO NOTHING;
INSERT INTO master_records (id, category, name, description, parent_id, notification_email, icon_class, status_id, created_at, created_by, updated_at, tipo_notificacion_id) VALUES ('TVH-015', 'masterTiposVehiculo', 'Tractomula', 'Tractocamión con semirremolque completo', NULL, NULL, NULL, 'EST-01', '"2026-02-09T01:43:23.117Z"', NULL, '"2026-02-09T01:43:23.117Z"', NULL) ON CONFLICT DO NOTHING;
INSERT INTO master_records (id, category, name, description, parent_id, notification_email, icon_class, status_id, created_at, created_by, updated_at, tipo_notificacion_id) VALUES ('TVH-016', 'masterTiposVehiculo', 'Dobletroque', 'Tractomula con configuración de doble eje', NULL, NULL, NULL, 'EST-01', '"2026-02-09T01:43:23.117Z"', NULL, '"2026-02-09T01:43:23.117Z"', NULL) ON CONFLICT DO NOTHING;
INSERT INTO master_records (id, category, name, description, parent_id, notification_email, icon_class, status_id, created_at, created_by, updated_at, tipo_notificacion_id) VALUES ('TVH-017', 'masterTiposVehiculo', 'Moto Cargo', 'Motocicleta adaptada para carga', NULL, NULL, NULL, 'EST-01', '"2026-02-09T01:43:23.117Z"', NULL, '"2026-02-09T01:43:23.117Z"', NULL) ON CONFLICT DO NOTHING;
INSERT INTO master_records (id, category, name, description, parent_id, notification_email, icon_class, status_id, created_at, created_by, updated_at, tipo_notificacion_id) VALUES ('TVH-018', 'masterTiposVehiculo', 'Motocarguero', 'Triciclo motorizado para carga urbana', NULL, NULL, NULL, 'EST-01', '"2026-02-09T01:43:23.117Z"', NULL, '"2026-02-09T01:43:23.117Z"', NULL) ON CONFLICT DO NOTHING;
INSERT INTO master_records (id, category, name, description, parent_id, notification_email, icon_class, status_id, created_at, created_by, updated_at, tipo_notificacion_id) VALUES ('EST-10', 'masterEstados', 'ASIGNADO', NULL, '', '', '', 'EST-01', '"2026-02-09T22:41:41.660Z"', NULL, '"2026-02-09T22:41:41.660Z"', NULL) ON CONFLICT DO NOTHING;
INSERT INTO master_records (id, category, name, description, parent_id, notification_email, icon_class, status_id, created_at, created_by, updated_at, tipo_notificacion_id) VALUES ('TGN-PRUEBA-99', 'masterTipoNotificacion', 'REGISTRO DE PRUEBA', NULL, '', '', '', 'EST-01', '"2026-02-09T15:23:12.869Z"', NULL, '"2026-02-10T17:21:48.991Z"', NULL) ON CONFLICT DO NOTHING;
INSERT INTO master_records (id, category, name, description, parent_id, notification_email, icon_class, status_id, created_at, created_by, updated_at, tipo_notificacion_id) VALUES ('TGN-100', 'masterTipoNotificacion', 'PRUEBA 10', NULL, '', '', '', 'EST-01', '"2026-02-10T17:31:10.192Z"', NULL, '"2026-02-10T18:22:41.536Z"', NULL) ON CONFLICT DO NOTHING;

INSERT INTO vehicles (id, plate, brand, owner, capacity_m3, client_id, soat_expiry, techno_expiry, soat_pdf, techno_pdf, status_id, model_year, color, vehicle_type) VALUES ('VEH-001', 'ABC-123', NULL, NULL, '10.5', 'CLI-TEST-01', NULL, NULL, NULL, NULL, 'EST-01', NULL, NULL, NULL) ON CONFLICT DO NOTHING;
INSERT INTO vehicles (id, plate, brand, owner, capacity_m3, client_id, soat_expiry, techno_expiry, soat_pdf, techno_pdf, status_id, model_year, color, vehicle_type) VALUES ('VEH-002', 'XYZ-789', NULL, NULL, '22.0', 'CLI-TEST-01', NULL, NULL, NULL, NULL, 'EST-01', NULL, NULL, NULL) ON CONFLICT DO NOTHING;
INSERT INTO vehicles (id, plate, brand, owner, capacity_m3, client_id, soat_expiry, techno_expiry, soat_pdf, techno_pdf, status_id, model_year, color, vehicle_type) VALUES ('VEH-TEST-VITEST', 'VIT-999_DEL_1770667559.430491', 'Chevrolet Updated', 'Test Owner Updated', '20', 'CLI-TEST-01', NULL, NULL, NULL, NULL, 'ELIMINADO', NULL, 'Negro', NULL) ON CONFLICT DO NOTHING;

INSERT INTO drivers (id, name, document_type, document_number, phone, client_id, license_expiry, license_pdf, status_id) VALUES ('DRV-001', 'JUAN P??REZ', NULL, '12345678', NULL, 'CLI-TEST-01', NULL, NULL, 'EST-01') ON CONFLICT DO NOTHING;
INSERT INTO drivers (id, name, document_type, document_number, phone, client_id, license_expiry, license_pdf, status_id) VALUES ('DRV-002', 'CARLOS G??MEZ', NULL, '87654321', NULL, 'CLI-TEST-01', NULL, NULL, 'EST-01') ON CONFLICT DO NOTHING;

INSERT INTO articles (id, sku, name, client_id, uom_std, factor_std, status_id, barcode, category_articulo_id, factor_inter, uom_general_id, uom_inter_id, uom_std_id) VALUES ('ART-002', 'SKU-002', 'TANQUE 500L - ACTUALIZADO', 'CLI-TEST-01', NULL, '1', 'EST-01', NULL, 'CAT-01', '1', NULL, NULL, NULL) ON CONFLICT DO NOTHING;
INSERT INTO articles (id, sku, name, client_id, uom_std, factor_std, status_id, barcode, category_articulo_id, factor_inter, uom_general_id, uom_inter_id, uom_std_id) VALUES ('ART-001', 'SKU-001', 'TEJA TRASLUCIDA 3MS', 'CLI-TEST-01', NULL, '1', 'EST-01', NULL, 'CAT-01', '1', 'UOM-017', 'UOM-004', 'UOM-007') ON CONFLICT DO NOTHING;

INSERT INTO documents_l (id, external_doc_id, client_id, vehicle_plate, codplan, delivery_date, city, status, inventory_date, inventory_user, created_at, inventory_observation, plan_type, inventory_notes, tracking_token, picking_date, receiving_date, picker_user, deliverer_user, receiver_user) VALUES ('doc-SPN139-L010894', 'L010894', 'c1', 'SPN139', 'AJV20', '"2025-10-09T00:00:00.000Z"', NULL, 'Pendiente', NULL, NULL, '"2026-02-08T06:48:30.714Z"', NULL, 'Plan Normal', NULL, NULL, NULL, NULL, NULL, NULL, NULL) ON CONFLICT DO NOTHING;
INSERT INTO documents_l (id, external_doc_id, client_id, vehicle_plate, codplan, delivery_date, city, status, inventory_date, inventory_user, created_at, inventory_observation, plan_type, inventory_notes, tracking_token, picking_date, receiving_date, picker_user, deliverer_user, receiver_user) VALUES ('doc-GHU383-L010904165', 'L010904165', 'c1', 'GHU383', 'AJV20', '"2026-01-15T00:00:00.000Z"', NULL, 'Pendiente', NULL, NULL, '"2026-02-10T02:31:29.119Z"', NULL, 'Plan Normal', NULL, NULL, NULL, NULL, NULL, NULL, NULL) ON CONFLICT DO NOTHING;

INSERT INTO document_items (id, document_id, article_id, expected_qty, count_1, count_2, order_number, unit, notes, item_status, un_code, client_ref, peso, invoice, volume, city, address, batch, observation, received_qty, unit_volume, neighborhood) VALUES (12, 'doc-GHU383-L010904165', 'DP7302402', '1', '0', '0', 'AJV9701295', 'CJ', NULL, 'PENDIENTE', 'AJV20', 'CDT1017514', '0.00', 'AFE7431121', '0.0563', 'Medellín  Antioquia', 'Kr 45 76 36', 'S/L', '', '0', '0', '') ON CONFLICT DO NOTHING;
INSERT INTO document_items (id, document_id, article_id, expected_qty, count_1, count_2, order_number, unit, notes, item_status, un_code, client_ref, peso, invoice, volume, city, address, batch, observation, received_qty, unit_volume, neighborhood) VALUES (13, 'doc-GHU383-L010904165', 'DP7302402', '2', '0', '0', 'AJV9701787', 'CJ', NULL, 'PENDIENTE', 'AJV20', 'CDT1010732', '0.00', 'AFE7431122', '0.1126', 'Vegachí  Antioquia', 'Cl 50 50 37', 'S/L', '', '0', '0', '') ON CONFLICT DO NOTHING;
INSERT INTO document_items (id, document_id, article_id, expected_qty, count_1, count_2, order_number, unit, notes, item_status, un_code, client_ref, peso, invoice, volume, city, address, batch, observation, received_qty, unit_volume, neighborhood) VALUES (14, 'doc-GHU383-L010904165', 'D510801HN', '1', '0', '0', 'AJV9702532', 'BL', NULL, 'PENDIENTE', 'AJV20', 'CDT1000513', '0.00', 'AFE7431123', '0.0813', 'Don Matias  Antioquia', 'Cra. 30 No. 32-14.', 'S/L', '', '0', '0', '') ON CONFLICT DO NOTHING;
INSERT INTO document_items (id, document_id, article_id, expected_qty, count_1, count_2, order_number, unit, notes, item_status, un_code, client_ref, peso, invoice, volume, city, address, batch, observation, received_qty, unit_volume, neighborhood) VALUES (15, 'doc-GHU383-L010904165', 'DP7302402', '2', '0', '0', 'AJV9702628', 'CJ', NULL, 'PENDIENTE', 'AJV20', 'CDT1007688', '0.00', 'AFE7431124', '0.1126', 'Medellín  Antioquia', 'Carrera 45 # 81-41 Manrique Central', 'S/L', '', '0', '0', '') ON CONFLICT DO NOTHING;
INSERT INTO document_items (id, document_id, article_id, expected_qty, count_1, count_2, order_number, unit, notes, item_status, un_code, client_ref, peso, invoice, volume, city, address, batch, observation, received_qty, unit_volume, neighborhood) VALUES (16, 'doc-GHU383-L010904165', 'D403201', '4', '0', '0', 'AJV9702858', 'BL', NULL, 'PENDIENTE', 'AJV20', 'CDT1040875', '0.00', 'AFE7431125', '0.4268', 'Cañasgordas  Antioquia', 'Kr 30 27 05', 'S/L', '', '0', '0', '') ON CONFLICT DO NOTHING;
INSERT INTO document_items (id, document_id, article_id, expected_qty, count_1, count_2, order_number, unit, notes, item_status, un_code, client_ref, peso, invoice, volume, city, address, batch, observation, received_qty, unit_volume, neighborhood) VALUES (17, 'doc-GHU383-L010904165', 'D510601N', '1', '0', '0', 'AJV9702858', 'BL', NULL, 'PENDIENTE', 'AJV20', 'CDT1040875', '0.00', 'AFE7431125', '0.0323', 'Cañasgordas  Antioquia', 'Kr 30 27 05', 'S/L', '', '0', '0', '') ON CONFLICT DO NOTHING;
INSERT INTO document_items (id, document_id, article_id, expected_qty, count_1, count_2, order_number, unit, notes, item_status, un_code, client_ref, peso, invoice, volume, city, address, batch, observation, received_qty, unit_volume, neighborhood) VALUES (18, 'doc-GHU383-L010904165', 'D510801HN', '1', '0', '0', 'AJV9702858', 'BL', NULL, 'PENDIENTE', 'AJV20', 'CDT1040875', '0.00', 'AFE7431125', '0.0813', 'Cañasgordas  Antioquia', 'Kr 30 27 05', 'S/L', '', '0', '0', '') ON CONFLICT DO NOTHING;
INSERT INTO document_items (id, document_id, article_id, expected_qty, count_1, count_2, order_number, unit, notes, item_status, un_code, client_ref, peso, invoice, volume, city, address, batch, observation, received_qty, unit_volume, neighborhood) VALUES (19, 'doc-GHU383-L010904165', 'D510901NW', '1', '0', '0', 'AJV9702858', 'BL', NULL, 'PENDIENTE', 'AJV20', 'CDT1040875', '0.00', 'AFE7431125', '0.0729', 'Cañasgordas  Antioquia', 'Kr 30 27 05', 'S/L', '', '0', '0', '') ON CONFLICT DO NOTHING;
INSERT INTO document_items (id, document_id, article_id, expected_qty, count_1, count_2, order_number, unit, notes, item_status, un_code, client_ref, peso, invoice, volume, city, address, batch, observation, received_qty, unit_volume, neighborhood) VALUES (20, 'doc-GHU383-L010904165', 'D701201NS', '1', '0', '0', 'AJV9702858', 'CJ', NULL, 'PENDIENTE', 'AJV20', 'CDT1040875', '0.00', 'AFE7431125', '0.1162', 'Cañasgordas  Antioquia', 'Kr 30 27 05', 'S/L', '', '0', '0', '') ON CONFLICT DO NOTHING;
INSERT INTO document_items (id, document_id, article_id, expected_qty, count_1, count_2, order_number, unit, notes, item_status, un_code, client_ref, peso, invoice, volume, city, address, batch, observation, received_qty, unit_volume, neighborhood) VALUES (21, 'doc-GHU383-L010904165', 'D403201', '5', '0', '0', 'AJV9704116', 'BL', NULL, 'PENDIENTE', 'AJV20', 'CDT1017806', '0.00', 'AFE7431126', '0.5335', 'Cañasgordas  Antioquia', 'Kr Bolivar 30 12 Parque Principal', 'S/L', '', '0', '0', '') ON CONFLICT DO NOTHING;
INSERT INTO document_items (id, document_id, article_id, expected_qty, count_1, count_2, order_number, unit, notes, item_status, un_code, client_ref, peso, invoice, volume, city, address, batch, observation, received_qty, unit_volume, neighborhood) VALUES (22, 'doc-GHU383-L010904165', 'D690401N', '1', '0', '0', 'AJV9704116', 'CJ', NULL, 'PENDIENTE', 'AJV20', 'CDT1017806', '0.00', 'AFE7431126', '0.0804', 'Cañasgordas  Antioquia', 'Kr Bolivar 30 12 Parque Principal', 'S/L', '', '0', '0', '') ON CONFLICT DO NOTHING;
INSERT INTO document_items (id, document_id, article_id, expected_qty, count_1, count_2, order_number, unit, notes, item_status, un_code, client_ref, peso, invoice, volume, city, address, batch, observation, received_qty, unit_volume, neighborhood) VALUES (1, 'doc-SPN139-L010894', 'PACK16-62', '1', '0', '0', 'AJV951488', 'CJ', NULL, 'ASIGNADO', 'AJV20', 'CDT1032660', '0.00', 'AFE95148', '0.0368', 'Carmen De Viboral  Antioquia', 'Cr 30 41 31', 'S/L', 'Horario entrega mercancia: de Lunes a Viernes de 10:00 am a 4:00 pm', '0', '0', '') ON CONFLICT DO NOTHING;
INSERT INTO document_items (id, document_id, article_id, expected_qty, count_1, count_2, order_number, unit, notes, item_status, un_code, client_ref, peso, invoice, volume, city, address, batch, observation, received_qty, unit_volume, neighborhood) VALUES (2, 'doc-SPN139-L010894', 'PACK16-62', '1', '0', '0', 'AJV951678', 'CJ', NULL, 'ASIGNADO', 'AJV20', 'CMY1004530', '0.00', 'AFE95167', '0.0368', 'Caucasia  Antioquia', 'Kr 15 15 01', 'S/L', 'Horario entrega mercancia: 28', '0', '0', '') ON CONFLICT DO NOTHING;
INSERT INTO document_items (id, document_id, article_id, expected_qty, count_1, count_2, order_number, unit, notes, item_status, un_code, client_ref, peso, invoice, volume, city, address, batch, observation, received_qty, unit_volume, neighborhood) VALUES (3, 'doc-SPN139-L010894', 'D403101', '40', '0', '0', 'AJV956308', 'BL', NULL, 'ASIGNADO', 'AJV20', 'CDT1027775', '0.00', 'AFE95630', '4.268', 'Andes  Antioquia', 'Kr 50 49 03  Brr Parque Principal', 'S/L', 'Recibe mercancía los días lunes , martes, jueves, sábado de 8:30 -:5:00pm.', '0', '0', '') ON CONFLICT DO NOTHING;
INSERT INTO document_items (id, document_id, article_id, expected_qty, count_1, count_2, order_number, unit, notes, item_status, un_code, client_ref, peso, invoice, volume, city, address, batch, observation, received_qty, unit_volume, neighborhood) VALUES (4, 'doc-SPN139-L010894', 'D81102001', '1', '0', '0', 'AJV956315', 'CJ', NULL, 'ASIGNADO', 'AJV20', 'CDT1023803', '0.00', 'AFE95631', '0.0099', 'Cañasgordas  Antioquia', 'Kr 30 29 21 Parque Principal', 'S/L', '', '0', '0', '') ON CONFLICT DO NOTHING;
INSERT INTO document_items (id, document_id, article_id, expected_qty, count_1, count_2, order_number, unit, notes, item_status, un_code, client_ref, peso, invoice, volume, city, address, batch, observation, received_qty, unit_volume, neighborhood) VALUES (5, 'doc-SPN139-L010894', 'D403101', '10', '0', '0', 'AJV956334', 'BL', NULL, 'ASIGNADO', 'AJV20', 'CDT1038209', '0.00', 'AFE95633', '1.067', 'Caucasia  Antioquia', 'Kr 4 22 33', 'S/L', 'Horario entrega mercancia: Lunes a Viernes de 8:00 am A 4:00 pm y Sábado de 8:00 am A 12:00 mm.', '0', '0', '') ON CONFLICT DO NOTHING;
INSERT INTO document_items (id, document_id, article_id, expected_qty, count_1, count_2, order_number, unit, notes, item_status, un_code, client_ref, peso, invoice, volume, city, address, batch, observation, received_qty, unit_volume, neighborhood) VALUES (6, 'doc-SPN139-L010894', 'D632502AS', '2', '0', '0', 'AJV956334', 'CJ', NULL, 'ASIGNADO', 'AJV20', 'CMY1004530', '0.00', 'AFE95633', '0.0666', 'Caucasia  Antioquia', 'Kr 15 15 01', 'S/L', 'Horario entrega mercancia: 28', '0', '0', '') ON CONFLICT DO NOTHING;
INSERT INTO document_items (id, document_id, article_id, expected_qty, count_1, count_2, order_number, unit, notes, item_status, un_code, client_ref, peso, invoice, volume, city, address, batch, observation, received_qty, unit_volume, neighborhood) VALUES (7, 'doc-SPN139-L010894', 'D16351200', '1', '0', '0', 'AJV956343', 'CJ', NULL, 'ASIGNADO', 'AJV20', 'CDT1042130', '0.00', 'AFE95634', '0.0445', 'Ciudad Bolívar  Antioquia', 'Cl 1 47 105 Lc 102', 'S/L', 'Horario entrega mercancia: Se recibe de 8:00 am A 7:00 pm, no se reciben los dias Miercoles.', '0', '0', '') ON CONFLICT DO NOTHING;
INSERT INTO document_items (id, document_id, article_id, expected_qty, count_1, count_2, order_number, unit, notes, item_status, un_code, client_ref, peso, invoice, volume, city, address, batch, observation, received_qty, unit_volume, neighborhood) VALUES (8, 'doc-SPN139-L010894', 'D403101', '4', '0', '0', 'AJV956343', 'BL', NULL, 'ASIGNADO', 'AJV20', 'CDT1042130', '0.00', 'AFE95634', '0.4268', 'Ciudad Bolívar  Antioquia', 'Cl 1 47 105 Lc 102', 'S/L', 'Horario entrega mercancia: Se recibe de 8:00 am A 7:00 pm, no se reciben los dias Miercoles.', '0', '0', '') ON CONFLICT DO NOTHING;
INSERT INTO document_items (id, document_id, article_id, expected_qty, count_1, count_2, order_number, unit, notes, item_status, un_code, client_ref, peso, invoice, volume, city, address, batch, observation, received_qty, unit_volume, neighborhood) VALUES (9, 'doc-SPN139-L010894', 'D403101', '1', '0', '0', 'AJV956431', 'BL', NULL, 'ASIGNADO', 'AJV20', 'CDT1041960', '0.00', 'AFE95643', '0.1067', 'Marinilla  Antioquia', 'Cl 32 29 63', 'S/L', 'Horario entrega mercancia: Lunes a Domingo de 8:00 am A 6:00 pm.', '0', '0', '') ON CONFLICT DO NOTHING;
INSERT INTO document_items (id, document_id, article_id, expected_qty, count_1, count_2, order_number, unit, notes, item_status, un_code, client_ref, peso, invoice, volume, city, address, batch, observation, received_qty, unit_volume, neighborhood) VALUES (10, 'doc-SPN139-L010894', 'D690801N', '1', '0', '0', 'AJV956431', 'CJ', NULL, 'ASIGNADO', 'AJV20', 'CDT1041960', '0.00', 'AFE95643', '0.1165', 'Marinilla  Antioquia', 'Cl 32 29 63', 'S/L', 'Horario entrega mercancia: Lunes a Domingo de 8:00 am A 6:00 pm.', '0', '0', '') ON CONFLICT DO NOTHING;
INSERT INTO document_items (id, document_id, article_id, expected_qty, count_1, count_2, order_number, unit, notes, item_status, un_code, client_ref, peso, invoice, volume, city, address, batch, observation, received_qty, unit_volume, neighborhood) VALUES (11, 'doc-SPN139-L010894', 'DP7301602', '1', '0', '0', 'AJV956525', 'CJ', NULL, 'ASIGNADO', 'AJV20', 'CDT1017730', '0.00', 'AFE95652', '0.0408', 'Bello  Antioquia', 'Cl 52 48 72  Parque Bello', 'S/L', '', '0', '0', '') ON CONFLICT DO NOTHING;
INSERT INTO document_items (id, document_id, article_id, expected_qty, count_1, count_2, order_number, unit, notes, item_status, un_code, client_ref, peso, invoice, volume, city, address, batch, observation, received_qty, unit_volume, neighborhood) VALUES (23, 'doc-GHU383-L010904165', 'DP7302402', '1', '0', '0', 'AJV9704320', 'CJ', NULL, 'PENDIENTE', 'AJV20', 'CDT1015398', '0.00', 'AFE7431127', '0.0563', 'Medellín  Antioquia', 'Calle 39 No 91 - 12 Brr Santa Monica', 'S/L', '', '0', '0', '') ON CONFLICT DO NOTHING;
INSERT INTO document_items (id, document_id, article_id, expected_qty, count_1, count_2, order_number, unit, notes, item_status, un_code, client_ref, peso, invoice, volume, city, address, batch, observation, received_qty, unit_volume, neighborhood) VALUES (24, 'doc-GHU383-L010904165', 'D510701N', '1', '0', '0', 'AJV9716352', 'BL', NULL, 'PENDIENTE', 'AJV20', 'CDT1039228', '0.00', 'AFE7431128', '0.0495', 'San Roque  Antioquia', 'Cl 21 Kr 18 18 11 Ap 201', 'S/L', '', '0', '0', '') ON CONFLICT DO NOTHING;
INSERT INTO document_items (id, document_id, article_id, expected_qty, count_1, count_2, order_number, unit, notes, item_status, un_code, client_ref, peso, invoice, volume, city, address, batch, observation, received_qty, unit_volume, neighborhood) VALUES (25, 'doc-GHU383-L010904165', 'D510701N', '4', '0', '0', 'AJV9718537', 'BL', NULL, 'PENDIENTE', 'AJV20', 'CDT1010233', '0.00', 'AFE7431129', '0.198', 'Doradal  Antioquia', 'Cll 20 # 18 - 61', 'S/L', '', '0', '0', '') ON CONFLICT DO NOTHING;
INSERT INTO document_items (id, document_id, article_id, expected_qty, count_1, count_2, order_number, unit, notes, item_status, un_code, client_ref, peso, invoice, volume, city, address, batch, observation, received_qty, unit_volume, neighborhood) VALUES (26, 'doc-GHU383-L010904165', 'D510701N', '2', '0', '0', 'AJV9720297', 'BL', NULL, 'PENDIENTE', 'AJV20', 'CDT1040362', '0.00', 'AFE7431130', '0.099', 'Santuario  Antioquia', 'Cl 50 47 81', 'S/L', '', '0', '0', '') ON CONFLICT DO NOTHING;
INSERT INTO document_items (id, document_id, article_id, expected_qty, count_1, count_2, order_number, unit, notes, item_status, un_code, client_ref, peso, invoice, volume, city, address, batch, observation, received_qty, unit_volume, neighborhood) VALUES (28, 'doc-GHU383-L010904165', 'D200801', '3', '0', '0', 'AJV9721507', 'BL', NULL, 'PENDIENTE', 'AJV20', 'CDT1014399', '0.00', 'AFE7431131', '0.5544', 'Segovia  Antioquia', 'Calle Principal Brr. Centro', 'S/L', '', '0', '0', '') ON CONFLICT DO NOTHING;
INSERT INTO document_items (id, document_id, article_id, expected_qty, count_1, count_2, order_number, unit, notes, item_status, un_code, client_ref, peso, invoice, volume, city, address, batch, observation, received_qty, unit_volume, neighborhood) VALUES (29, 'doc-GHU383-L010904165', 'D200801', '1', '0', '0', 'AJV9721572', 'BL', NULL, 'PENDIENTE', 'AJV15', 'CDT1007957', '0.00', 'AFE7431117', '0.1848', 'Medellín  Antioquia', 'Calle 50B No. 38 - 37 Barrio Boston', 'S/L', '', '0', '0', '') ON CONFLICT DO NOTHING;
INSERT INTO document_items (id, document_id, article_id, expected_qty, count_1, count_2, order_number, unit, notes, item_status, un_code, client_ref, peso, invoice, volume, city, address, batch, observation, received_qty, unit_volume, neighborhood) VALUES (30, 'doc-GHU383-L010904165', 'D200801', '2', '0', '0', 'AJV9722094', 'BL', NULL, 'PENDIENTE', 'AJV20', 'CDT1032297', '0.00', 'AFE7431132', '0.3696', 'Medellín  Antioquia', 'Kr 29 71 A 58', 'S/L', '', '0', '0', '') ON CONFLICT DO NOTHING;
INSERT INTO document_items (id, document_id, article_id, expected_qty, count_1, count_2, order_number, unit, notes, item_status, un_code, client_ref, peso, invoice, volume, city, address, batch, observation, received_qty, unit_volume, neighborhood) VALUES (31, 'doc-GHU383-L010904165', 'D200801', '8', '0', '0', 'AJV9722100', 'BL', NULL, 'PENDIENTE', 'AJV20', 'CDT1012056', '0.00', 'AFE7431133', '1.4784', 'Medellín  Antioquia', 'Calle 71A No. 38-41 Brr. Manrique', 'S/L', '', '0', '0', '') ON CONFLICT DO NOTHING;
INSERT INTO document_items (id, document_id, article_id, expected_qty, count_1, count_2, order_number, unit, notes, item_status, un_code, client_ref, peso, invoice, volume, city, address, batch, observation, received_qty, unit_volume, neighborhood) VALUES (32, 'doc-GHU383-L010904165', 'D200801', '5', '0', '0', 'AJV9722346', 'BL', NULL, 'PENDIENTE', 'AJV20', 'CDT1027779', '0.00', 'AFE7431134', '0.924', 'Yarumal  Antioquia', 'Cl 20  20  36 Brr Parque Principal', 'S/L', '', '0', '0', '') ON CONFLICT DO NOTHING;
INSERT INTO document_items (id, document_id, article_id, expected_qty, count_1, count_2, order_number, unit, notes, item_status, un_code, client_ref, peso, invoice, volume, city, address, batch, observation, received_qty, unit_volume, neighborhood) VALUES (33, 'doc-GHU383-L010904165', 'D403103', '5', '0', '0', 'AJV9722814', 'BL', NULL, 'PENDIENTE', 'AJV20', 'CDT1025878', '0.00', 'AFE7431135', '0.5335', 'Santa Barbara  Antioquia', 'Cl Salgar 49 89 Brr Salgar', 'S/L', '', '0', '0', '') ON CONFLICT DO NOTHING;
INSERT INTO document_items (id, document_id, article_id, expected_qty, count_1, count_2, order_number, unit, notes, item_status, un_code, client_ref, peso, invoice, volume, city, address, batch, observation, received_qty, unit_volume, neighborhood) VALUES (34, 'doc-GHU383-L010904165', 'D200801', '1', '0', '0', 'AJV9722824', 'BL', NULL, 'PENDIENTE', 'AJV20', 'CDT1007379', '0.00', 'AFE7431136', '0.1848', 'Medellín  Antioquia', 'Plaza Minorista 2do Piso Sector 2 Local 096-099-100', 'S/L', '', '0', '0', '') ON CONFLICT DO NOTHING;
INSERT INTO document_items (id, document_id, article_id, expected_qty, count_1, count_2, order_number, unit, notes, item_status, un_code, client_ref, peso, invoice, volume, city, address, batch, observation, received_qty, unit_volume, neighborhood) VALUES (35, 'doc-GHU383-L010904165', 'D200801', '3', '0', '0', 'AJV9722949', 'BL', NULL, 'PENDIENTE', 'AJV20', 'CDT1037662', '0.00', 'AFE7431137', '0.5544', 'Arboletes  Antioquia', 'Cr 30 27 11', 'S/L', '', '0', '0', '') ON CONFLICT DO NOTHING;
INSERT INTO document_items (id, document_id, article_id, expected_qty, count_1, count_2, order_number, unit, notes, item_status, un_code, client_ref, peso, invoice, volume, city, address, batch, observation, received_qty, unit_volume, neighborhood) VALUES (36, 'doc-GHU383-L010904165', 'D200801', '3', '0', '0', 'AJV9722954', 'BL', NULL, 'PENDIENTE', 'AJV20', 'CDT1031056', '0.00', 'AFE7431138', '0.5544', 'Medellín  Antioquia', 'Cl 42 70 26', 'S/L', '', '0', '0', '') ON CONFLICT DO NOTHING;
INSERT INTO document_items (id, document_id, article_id, expected_qty, count_1, count_2, order_number, unit, notes, item_status, un_code, client_ref, peso, invoice, volume, city, address, batch, observation, received_qty, unit_volume, neighborhood) VALUES (38, 'doc-GHU383-L010904165', 'D200801', '3', '0', '0', 'AJV9724888', 'BL', NULL, 'PENDIENTE', 'AJV15', 'CMY1004593', '0.00', 'AFE7431118', '0.5544', 'Medellín  Antioquia', 'Cl 55 57 80 Sec 6 Lc 46 y 47', 'S/L', '', '0', '0', '') ON CONFLICT DO NOTHING;
INSERT INTO document_items (id, document_id, article_id, expected_qty, count_1, count_2, order_number, unit, notes, item_status, un_code, client_ref, peso, invoice, volume, city, address, batch, observation, received_qty, unit_volume, neighborhood) VALUES (39, 'doc-GHU383-L010904165', 'D200801', '4', '0', '0', 'AJV9724975', 'BL', NULL, 'PENDIENTE', 'AJV20', 'CDT1039470', '0.00', 'AFE7431140', '0.7392', 'Necoclí  Antioquia', 'Cl 51 49 81', 'S/L', '', '0', '0', '') ON CONFLICT DO NOTHING;
INSERT INTO document_items (id, document_id, article_id, expected_qty, count_1, count_2, order_number, unit, notes, item_status, un_code, client_ref, peso, invoice, volume, city, address, batch, observation, received_qty, unit_volume, neighborhood) VALUES (40, 'doc-GHU383-L010904165', 'D200801', '5', '0', '0', 'AJV9725028', 'BL', NULL, 'PENDIENTE', 'AJV20', 'CDT1025663', '0.00', 'AFE7431141', '0.924', 'Medellín  Antioquia', 'Cl 55 A 57 80 Sec 10 Puesto 26', 'S/L', '', '0', '0', '') ON CONFLICT DO NOTHING;
INSERT INTO document_items (id, document_id, article_id, expected_qty, count_1, count_2, order_number, unit, notes, item_status, un_code, client_ref, peso, invoice, volume, city, address, batch, observation, received_qty, unit_volume, neighborhood) VALUES (41, 'doc-GHU383-L010904165', 'D200801', '1', '0', '0', 'AJV9725030', 'BL', NULL, 'PENDIENTE', 'AJV20', 'CMY1002112', '0.00', 'AFE7431142', '0.1848', 'San Jerónimo  Antioquia', 'Kr 10 19 02', 'S/L', '', '0', '0', '') ON CONFLICT DO NOTHING;
INSERT INTO document_items (id, document_id, article_id, expected_qty, count_1, count_2, order_number, unit, notes, item_status, un_code, client_ref, peso, invoice, volume, city, address, batch, observation, received_qty, unit_volume, neighborhood) VALUES (43, 'doc-GHU383-L010904165', 'D200801', '1', '0', '0', 'AJV9725327', 'BL', NULL, 'PENDIENTE', 'AJV15', 'CDT1007957', '0.00', 'AFE7431117', '0.1848', 'Medellín  Antioquia', 'Calle 50B No. 38 - 37 Barrio Boston', 'S/L', '', '0', '0', '') ON CONFLICT DO NOTHING;
INSERT INTO document_items (id, document_id, article_id, expected_qty, count_1, count_2, order_number, unit, notes, item_status, un_code, client_ref, peso, invoice, volume, city, address, batch, observation, received_qty, unit_volume, neighborhood) VALUES (44, 'doc-GHU383-L010904165', 'D200801', '1', '0', '0', 'AJV9725907', 'BL', NULL, 'PENDIENTE', 'AJV20', 'CDT1032517', '0.00', 'AFE7431143', '0.1848', 'Medellín  Antioquia', 'Kr 45 46 68', 'S/L', '', '0', '0', '') ON CONFLICT DO NOTHING;
INSERT INTO document_items (id, document_id, article_id, expected_qty, count_1, count_2, order_number, unit, notes, item_status, un_code, client_ref, peso, invoice, volume, city, address, batch, observation, received_qty, unit_volume, neighborhood) VALUES (45, 'doc-GHU383-L010904165', 'D200801', '1', '0', '0', 'AJV9727070', 'BL', NULL, 'PENDIENTE', 'AJV20', 'CPR1030289', '0.00', 'AFE7431144', '0.1848', 'Medellín  Antioquia', 'Cl 102 33 D 13', 'S/L', '', '0', '0', '') ON CONFLICT DO NOTHING;
INSERT INTO document_items (id, document_id, article_id, expected_qty, count_1, count_2, order_number, unit, notes, item_status, un_code, client_ref, peso, invoice, volume, city, address, batch, observation, received_qty, unit_volume, neighborhood) VALUES (46, 'doc-GHU383-L010904165', 'D200801', '5', '0', '0', 'AJV9727111', 'BL', NULL, 'PENDIENTE', 'AJV20', 'CMY1001501', '0.00', 'AFE7431145', '0.924', 'Turbo  Antioquia', 'Calle 100 Nº 12-107 El Wafe', 'S/L', '', '0', '0', '') ON CONFLICT DO NOTHING;
INSERT INTO document_items (id, document_id, article_id, expected_qty, count_1, count_2, order_number, unit, notes, item_status, un_code, client_ref, peso, invoice, volume, city, address, batch, observation, received_qty, unit_volume, neighborhood) VALUES (47, 'doc-GHU383-L010904165', 'D200801', '1', '0', '0', 'AJV9727632', 'BL', NULL, 'PENDIENTE', 'AJV20', 'CDT1041765', '0.00', 'AFE7431146', '0.1848', 'San Pedro De Uraba  Antioquia', 'Cl 50 41 40', 'S/L', '', '0', '0', '') ON CONFLICT DO NOTHING;
INSERT INTO document_items (id, document_id, article_id, expected_qty, count_1, count_2, order_number, unit, notes, item_status, un_code, client_ref, peso, invoice, volume, city, address, batch, observation, received_qty, unit_volume, neighborhood) VALUES (48, 'doc-GHU383-L010904165', 'D200801', '1', '0', '0', 'AJV9727983', 'BL', NULL, 'PENDIENTE', 'AJV20', 'CDT1036955', '0.00', 'AFE7431147', '0.1848', 'Segovia  Antioquia', 'Cl 50 46 206', 'S/L', '', '0', '0', '') ON CONFLICT DO NOTHING;
INSERT INTO document_items (id, document_id, article_id, expected_qty, count_1, count_2, order_number, unit, notes, item_status, un_code, client_ref, peso, invoice, volume, city, address, batch, observation, received_qty, unit_volume, neighborhood) VALUES (49, 'doc-GHU383-L010904165', 'D510701N', '3', '0', '0', 'AJV9727983', 'BL', NULL, 'PENDIENTE', 'AJV20', 'CDT1036955', '0.00', 'AFE7431147', '0.1485', 'Segovia  Antioquia', 'Cl 50 46 206', 'S/L', '', '0', '0', '') ON CONFLICT DO NOTHING;
INSERT INTO document_items (id, document_id, article_id, expected_qty, count_1, count_2, order_number, unit, notes, item_status, un_code, client_ref, peso, invoice, volume, city, address, batch, observation, received_qty, unit_volume, neighborhood) VALUES (50, 'doc-GHU383-L010904165', 'Q12-12-23R', '7', '0', '0', 'AJV9728013', 'CJM', NULL, 'PENDIENTE', 'AJV15', 'CDT1007912', '0.00', 'AFE7431120', '0.2464', 'Medellín  Antioquia', 'Cl 34B 66A 30', 'S/L', '', '0', '0', '') ON CONFLICT DO NOTHING;
INSERT INTO document_items (id, document_id, article_id, expected_qty, count_1, count_2, order_number, unit, notes, item_status, un_code, client_ref, peso, invoice, volume, city, address, batch, observation, received_qty, unit_volume, neighborhood) VALUES (51, 'doc-GHU383-L010904165', 'D200801', '1', '0', '0', 'AJV9728073', 'BL', NULL, 'PENDIENTE', 'AJV20', 'CDT1033850', '0.00', 'AFE7431148', '0.1848', 'Mutata  Antioquia', 'Cr 9 # 10 - 28', 'S/L', '', '0', '0', '') ON CONFLICT DO NOTHING;
INSERT INTO document_items (id, document_id, article_id, expected_qty, count_1, count_2, order_number, unit, notes, item_status, un_code, client_ref, peso, invoice, volume, city, address, batch, observation, received_qty, unit_volume, neighborhood) VALUES (52, 'doc-GHU383-L010904165', 'D702401LS4', '2', '0', '0', 'AJV9728105', 'CJ', NULL, 'PENDIENTE', 'AJV20', 'CDT1014399', '0.00', 'AFE7431131', '0.3368', 'Segovia  Antioquia', 'Calle Principal Brr. Centro', 'S/L', '', '0', '0', '') ON CONFLICT DO NOTHING;
INSERT INTO document_items (id, document_id, article_id, expected_qty, count_1, count_2, order_number, unit, notes, item_status, un_code, client_ref, peso, invoice, volume, city, address, batch, observation, received_qty, unit_volume, neighborhood) VALUES (53, 'doc-GHU383-L010904165', 'D510701N', '2', '0', '0', 'AJV9728106', 'BL', NULL, 'PENDIENTE', 'AJV20', 'CDT1026788', '0.00', 'AFE7431149', '0.099', 'Segovia  Antioquia', 'Kr 49  50 46 Piso 2 Barrio Centenario', 'S/L', '', '0', '0', '') ON CONFLICT DO NOTHING;
INSERT INTO document_items (id, document_id, article_id, expected_qty, count_1, count_2, order_number, unit, notes, item_status, un_code, client_ref, peso, invoice, volume, city, address, batch, observation, received_qty, unit_volume, neighborhood) VALUES (54, 'doc-GHU383-L010904165', 'D510801HN', '6', '0', '0', 'AJV9728106', 'BL', NULL, 'PENDIENTE', 'AJV20', 'CDT1026788', '0.00', 'AFE7431149', '0.4878', 'Segovia  Antioquia', 'Kr 49  50 46 Piso 2 Barrio Centenario', 'S/L', '', '0', '0', '') ON CONFLICT DO NOTHING;
INSERT INTO document_items (id, document_id, article_id, expected_qty, count_1, count_2, order_number, unit, notes, item_status, un_code, client_ref, peso, invoice, volume, city, address, batch, observation, received_qty, unit_volume, neighborhood) VALUES (55, 'doc-GHU383-L010904165', 'D702401LS4', '2', '0', '0', 'AJV9728106', 'CJ', NULL, 'PENDIENTE', 'AJV20', 'CDT1026788', '0.00', 'AFE7431149', '0.3368', 'Segovia  Antioquia', 'Kr 49  50 46 Piso 2 Barrio Centenario', 'S/L', '', '0', '0', '') ON CONFLICT DO NOTHING;
INSERT INTO document_items (id, document_id, article_id, expected_qty, count_1, count_2, order_number, unit, notes, item_status, un_code, client_ref, peso, invoice, volume, city, address, batch, observation, received_qty, unit_volume, neighborhood) VALUES (56, 'doc-GHU383-L010904165', 'D200801', '1', '0', '0', 'AJV9728109', 'BL', NULL, 'PENDIENTE', 'AJV20', 'CDT1035911', '0.00', 'AFE7431150', '0.1848', 'Segovia  Antioquia', 'Cl El Palo 48 75', 'S/L', '', '0', '0', '') ON CONFLICT DO NOTHING;
INSERT INTO document_items (id, document_id, article_id, expected_qty, count_1, count_2, order_number, unit, notes, item_status, un_code, client_ref, peso, invoice, volume, city, address, batch, observation, received_qty, unit_volume, neighborhood) VALUES (57, 'doc-GHU383-L010904165', 'D510701N', '5', '0', '0', 'AJV9728109', 'BL', NULL, 'PENDIENTE', 'AJV20', 'CDT1035911', '0.00', 'AFE7431150', '0.2475', 'Segovia  Antioquia', 'Cl El Palo 48 75', 'S/L', '', '0', '0', '') ON CONFLICT DO NOTHING;
INSERT INTO document_items (id, document_id, article_id, expected_qty, count_1, count_2, order_number, unit, notes, item_status, un_code, client_ref, peso, invoice, volume, city, address, batch, observation, received_qty, unit_volume, neighborhood) VALUES (58, 'doc-GHU383-L010904165', 'D200801', '5', '0', '0', 'AJV9728602', 'BL', NULL, 'PENDIENTE', 'AJV20', 'CDT1034380', '0.00', 'AFE7431151', '0.924', 'Medellín  Antioquia', 'Cl 80 B 54 B 18', 'S/L', '', '0', '0', '') ON CONFLICT DO NOTHING;
INSERT INTO document_items (id, document_id, article_id, expected_qty, count_1, count_2, order_number, unit, notes, item_status, un_code, client_ref, peso, invoice, volume, city, address, batch, observation, received_qty, unit_volume, neighborhood) VALUES (59, 'doc-GHU383-L010904165', 'D200801', '1', '0', '0', 'AJV9730171', 'BL', NULL, 'PENDIENTE', 'AJV20', 'CDT1015973', '0.00', 'AFE7431152', '0.1848', 'Segovia  Antioquia', 'Calle 48 # 49 - 12 Calle Bolivar', 'S/L', '', '0', '0', '') ON CONFLICT DO NOTHING;
INSERT INTO document_items (id, document_id, article_id, expected_qty, count_1, count_2, order_number, unit, notes, item_status, un_code, client_ref, peso, invoice, volume, city, address, batch, observation, received_qty, unit_volume, neighborhood) VALUES (60, 'doc-GHU383-L010904165', 'D510701N', '2', '0', '0', 'AJV9730171', 'BL', NULL, 'PENDIENTE', 'AJV20', 'CDT1015973', '0.00', 'AFE7431152', '0.099', 'Segovia  Antioquia', 'Calle 48 # 49 - 12 Calle Bolivar', 'S/L', '', '0', '0', '') ON CONFLICT DO NOTHING;
INSERT INTO document_items (id, document_id, article_id, expected_qty, count_1, count_2, order_number, unit, notes, item_status, un_code, client_ref, peso, invoice, volume, city, address, batch, observation, received_qty, unit_volume, neighborhood) VALUES (61, 'doc-GHU383-L010904165', 'D403201', '2', '0', '0', 'AJV9730174', 'BL', NULL, 'PENDIENTE', 'AJV20', 'CDT1039662', '0.00', 'AFE7431153', '0.2134', 'Dabeiba  Antioquia', 'Kr 10 7 86', 'S/L', '', '0', '0', '') ON CONFLICT DO NOTHING;
INSERT INTO document_items (id, document_id, article_id, expected_qty, count_1, count_2, order_number, unit, notes, item_status, un_code, client_ref, peso, invoice, volume, city, address, batch, observation, received_qty, unit_volume, neighborhood) VALUES (62, 'doc-GHU383-L010904165', 'D701201NS', '2', '0', '0', 'AJV9730174', 'CJ', NULL, 'PENDIENTE', 'AJV20', 'CDT1039662', '0.00', 'AFE7431153', '0.2324', 'Dabeiba  Antioquia', 'Kr 10 7 86', 'S/L', '', '0', '0', '') ON CONFLICT DO NOTHING;
INSERT INTO document_items (id, document_id, article_id, expected_qty, count_1, count_2, order_number, unit, notes, item_status, un_code, client_ref, peso, invoice, volume, city, address, batch, observation, received_qty, unit_volume, neighborhood) VALUES (63, 'doc-GHU383-L010904165', 'D702401LS4', '1', '0', '0', 'AJV9730174', 'CJ', NULL, 'PENDIENTE', 'AJV20', 'CDT1039662', '0.00', 'AFE7431153', '0.1684', 'Dabeiba  Antioquia', 'Kr 10 7 86', 'S/L', '', '0', '0', '') ON CONFLICT DO NOTHING;
INSERT INTO document_items (id, document_id, article_id, expected_qty, count_1, count_2, order_number, unit, notes, item_status, un_code, client_ref, peso, invoice, volume, city, address, batch, observation, received_qty, unit_volume, neighborhood) VALUES (64, 'doc-GHU383-L010904165', 'P901-12-100', '1', '0', '0', 'AJV9730174', 'PQ', NULL, 'PENDIENTE', 'AJV20', 'CDT1039662', '0.00', 'AFE7431153', '0.0176', 'Dabeiba  Antioquia', 'Kr 10 7 86', 'S/L', '', '0', '0', '') ON CONFLICT DO NOTHING;
INSERT INTO document_items (id, document_id, article_id, expected_qty, count_1, count_2, order_number, unit, notes, item_status, un_code, client_ref, peso, invoice, volume, city, address, batch, observation, received_qty, unit_volume, neighborhood) VALUES (69, 'doc-GHU383-L010904165', 'D510901N', '24', '0', '0', 'AJV9730281', 'PQ', NULL, 'PENDIENTE', 'AJV25', 'CCD1000247', '0.00', 'AFE7431169', '0.05808', 'Medellín  Antioquia', 'Rionegro Cra 56 con Cll 40', 'S/L', '', '0', '0', '') ON CONFLICT DO NOTHING;
INSERT INTO document_items (id, document_id, article_id, expected_qty, count_1, count_2, order_number, unit, notes, item_status, un_code, client_ref, peso, invoice, volume, city, address, batch, observation, received_qty, unit_volume, neighborhood) VALUES (70, 'doc-GHU383-L010904165', 'D200801', '3', '0', '0', 'AJV9730625', 'BL', NULL, 'PENDIENTE', 'AJV20', 'CDT1032026', '0.00', 'AFE7431155', '0.5544', 'Medellín  Antioquia', 'Cr 29 A 38 F132', 'S/L', '', '0', '0', '') ON CONFLICT DO NOTHING;
INSERT INTO document_items (id, document_id, article_id, expected_qty, count_1, count_2, order_number, unit, notes, item_status, un_code, client_ref, peso, invoice, volume, city, address, batch, observation, received_qty, unit_volume, neighborhood) VALUES (73, 'doc-GHU383-L010904165', 'DP7303202', '4', '0', '0', 'AJV9731063', 'CJ', NULL, 'PENDIENTE', 'AJV20', 'CDT1039228', '0.00', 'AFE7431128', '0.248', 'San Roque  Antioquia', 'Cl 21 Kr 18 18 11 Ap 201', 'S/L', '', '0', '0', '') ON CONFLICT DO NOTHING;
INSERT INTO document_items (id, document_id, article_id, expected_qty, count_1, count_2, order_number, unit, notes, item_status, un_code, client_ref, peso, invoice, volume, city, address, batch, observation, received_qty, unit_volume, neighborhood) VALUES (74, 'doc-GHU383-L010904165', 'D200801', '2', '0', '0', 'AJV9731135', 'BL', NULL, 'PENDIENTE', 'AJV20', 'CMY1001960', '0.00', 'AFE7431157', '0.3696', 'Apartadó  Antioquia', 'Kr 104 103a 01 Barrio Velez', 'S/L', '', '0', '0', '') ON CONFLICT DO NOTHING;
INSERT INTO document_items (id, document_id, article_id, expected_qty, count_1, count_2, order_number, unit, notes, item_status, un_code, client_ref, peso, invoice, volume, city, address, batch, observation, received_qty, unit_volume, neighborhood) VALUES (75, 'doc-GHU383-L010904165', 'D701201NS', '3', '0', '0', 'AJV9732316', 'CJ', NULL, 'PENDIENTE', 'AJV20', 'CDT1034237', '0.00', 'AFE7431158', '0.3486', 'Dabeiba  Antioquia', 'Cr Uribe Uribe  11 52', 'S/L', '', '0', '0', '') ON CONFLICT DO NOTHING;
INSERT INTO document_items (id, document_id, article_id, expected_qty, count_1, count_2, order_number, unit, notes, item_status, un_code, client_ref, peso, invoice, volume, city, address, batch, observation, received_qty, unit_volume, neighborhood) VALUES (76, 'doc-GHU383-L010904165', 'D84102001', '1', '0', '0', 'AJV9732316', 'CJ', NULL, 'PENDIENTE', 'AJV20', 'CDT1034237', '0.00', 'AFE7431158', '0.013', 'Dabeiba  Antioquia', 'Cr Uribe Uribe  11 52', 'S/L', '', '0', '0', '') ON CONFLICT DO NOTHING;
INSERT INTO document_items (id, document_id, article_id, expected_qty, count_1, count_2, order_number, unit, notes, item_status, un_code, client_ref, peso, invoice, volume, city, address, batch, observation, received_qty, unit_volume, neighborhood) VALUES (77, 'doc-GHU383-L010904165', 'D720800', '1', '0', '0', 'AJV9732623', 'CJ', NULL, 'PENDIENTE', 'AJV20', 'CDT1022864', '0.00', 'AFE7431159', '0.1017', 'La Ceja  Antioquia', 'Cl 20 17A 20 Barrio Centro', 'S/L', '', '0', '0', '') ON CONFLICT DO NOTHING;
INSERT INTO document_items (id, document_id, article_id, expected_qty, count_1, count_2, order_number, unit, notes, item_status, un_code, client_ref, peso, invoice, volume, city, address, batch, observation, received_qty, unit_volume, neighborhood) VALUES (78, 'doc-GHU383-L010904165', 'RPN060206201I', '5', '0', '0', 'AJV9732623', 'CJ', NULL, 'PENDIENTE', 'AJV20', 'CDT1022864', '0.00', 'AFE7431159', '0.155', 'La Ceja  Antioquia', 'Cl 20 17A 20 Barrio Centro', 'S/L', '', '0', '0', '') ON CONFLICT DO NOTHING;
INSERT INTO document_items (id, document_id, article_id, expected_qty, count_1, count_2, order_number, unit, notes, item_status, un_code, client_ref, peso, invoice, volume, city, address, batch, observation, received_qty, unit_volume, neighborhood) VALUES (79, 'doc-GHU383-L010904165', 'D201003', '2', '0', '0', 'AJV9733002', 'BL', NULL, 'PENDIENTE', 'AJV20', 'CDT1042781', '0.00', 'AFE7431160', '0.2534', 'Santuario  Antioquia', 'Cl 43 48 A 10', 'S/L', '', '0', '0', '') ON CONFLICT DO NOTHING;
INSERT INTO document_items (id, document_id, article_id, expected_qty, count_1, count_2, order_number, unit, notes, item_status, un_code, client_ref, peso, invoice, volume, city, address, batch, observation, received_qty, unit_volume, neighborhood) VALUES (80, 'doc-GHU383-L010904165', 'D650702P', '1', '0', '0', 'AJV9733002', 'CJ', NULL, 'PENDIENTE', 'AJV20', 'CDT1042781', '0.00', 'AFE7431160', '0.0367', 'Santuario  Antioquia', 'Cl 43 48 A 10', 'S/L', '', '0', '0', '') ON CONFLICT DO NOTHING;
INSERT INTO document_items (id, document_id, article_id, expected_qty, count_1, count_2, order_number, unit, notes, item_status, un_code, client_ref, peso, invoice, volume, city, address, batch, observation, received_qty, unit_volume, neighborhood) VALUES (81, 'doc-GHU383-L010904165', 'D87110001L', '1', '0', '0', 'AJV9733002', 'CJM', NULL, 'PENDIENTE', 'AJV20', 'CDT1042781', '0.00', 'AFE7431160', '0.0317', 'Santuario  Antioquia', 'Cl 43 48 A 10', 'S/L', '', '0', '0', '') ON CONFLICT DO NOTHING;
INSERT INTO document_items (id, document_id, article_id, expected_qty, count_1, count_2, order_number, unit, notes, item_status, un_code, client_ref, peso, invoice, volume, city, address, batch, observation, received_qty, unit_volume, neighborhood) VALUES (82, 'doc-GHU383-L010904165', 'D403199', '1', '0', '0', 'AJV9733096', 'BL', NULL, 'PENDIENTE', 'AJV20', 'CDT1037707', '0.00', 'AFE7431161', '0.1067', 'San Pedro De Uraba  Antioquia', 'Cl 50 47 50', 'S/L', '', '0', '0', '') ON CONFLICT DO NOTHING;
INSERT INTO document_items (id, document_id, article_id, expected_qty, count_1, count_2, order_number, unit, notes, item_status, un_code, client_ref, peso, invoice, volume, city, address, batch, observation, received_qty, unit_volume, neighborhood) VALUES (99, 'doc-GHU383-L010904165', 'D200801', '1', '0', '0', 'AJV9733310', 'BL', NULL, 'PENDIENTE', 'AJV20', 'CMY1002507', '0.00', 'AFE7431164', '0.1848', 'Medellín  Antioquia', 'Kr 49 54 15 Centro Comercial La Estancia', 'S/L', '', '0', '0', '') ON CONFLICT DO NOTHING;
INSERT INTO document_items (id, document_id, article_id, expected_qty, count_1, count_2, order_number, unit, notes, item_status, un_code, client_ref, peso, invoice, volume, city, address, batch, observation, received_qty, unit_volume, neighborhood) VALUES (100, 'doc-GHU383-L010904165', 'D152505499', '1', '0', '0', 'AJV9733344', 'CJ', NULL, 'PENDIENTE', 'AJV20', 'CDT1036577', '0.00', 'AFE7431165', '0.074', 'Nechí  Antioquia', 'Cl Del Hospital Esq', 'S/L', '', '0', '0', '') ON CONFLICT DO NOTHING;
INSERT INTO document_items (id, document_id, article_id, expected_qty, count_1, count_2, order_number, unit, notes, item_status, un_code, client_ref, peso, invoice, volume, city, address, batch, observation, received_qty, unit_volume, neighborhood) VALUES (101, 'doc-GHU383-L010904165', 'D651602', '1', '0', '0', 'AJV9733344', 'CJ', NULL, 'PENDIENTE', 'AJV20', 'CDT1036577', '0.00', 'AFE7431165', '0.184', 'Nechí  Antioquia', 'Cl Del Hospital Esq', 'S/L', '', '0', '0', '') ON CONFLICT DO NOTHING;
INSERT INTO document_items (id, document_id, article_id, expected_qty, count_1, count_2, order_number, unit, notes, item_status, un_code, client_ref, peso, invoice, volume, city, address, batch, observation, received_qty, unit_volume, neighborhood) VALUES (102, 'doc-GHU383-L010904165', 'D651602TA', '3', '0', '0', 'AJV9733344', 'CJ', NULL, 'PENDIENTE', 'AJV20', 'CDT1036577', '0.00', 'AFE7431165', '0.1284', 'Nechí  Antioquia', 'Cl Del Hospital Esq', 'S/L', '', '0', '0', '') ON CONFLICT DO NOTHING;
INSERT INTO document_items (id, document_id, article_id, expected_qty, count_1, count_2, order_number, unit, notes, item_status, un_code, client_ref, peso, invoice, volume, city, address, batch, observation, received_qty, unit_volume, neighborhood) VALUES (103, 'doc-GHU383-L010904165', 'D750800', '10', '0', '0', 'AJV9733344', 'CJ', NULL, 'PENDIENTE', 'AJV20', 'CDT1036577', '0.00', 'AFE7431165', '0.392', 'Nechí  Antioquia', 'Cl Del Hospital Esq', 'S/L', '', '0', '0', '') ON CONFLICT DO NOTHING;
INSERT INTO document_items (id, document_id, article_id, expected_qty, count_1, count_2, order_number, unit, notes, item_status, un_code, client_ref, peso, invoice, volume, city, address, batch, observation, received_qty, unit_volume, neighborhood) VALUES (104, 'doc-GHU383-L010904165', 'D76110500', '10', '0', '0', 'AJV9733344', 'CJ', NULL, 'PENDIENTE', 'AJV20', 'CDT1036577', '0.00', 'AFE7431165', '0.289', 'Nechí  Antioquia', 'Cl Del Hospital Esq', 'S/L', '', '0', '0', '') ON CONFLICT DO NOTHING;
INSERT INTO document_items (id, document_id, article_id, expected_qty, count_1, count_2, order_number, unit, notes, item_status, un_code, client_ref, peso, invoice, volume, city, address, batch, observation, received_qty, unit_volume, neighborhood) VALUES (105, 'doc-GHU383-L010904165', 'D772400SP', '10', '0', '0', 'AJV9733344', 'CJ', NULL, 'PENDIENTE', 'AJV20', 'CDT1036577', '0.00', 'AFE7431165', '0.315', 'Nechí  Antioquia', 'Cl Del Hospital Esq', 'S/L', '', '0', '0', '') ON CONFLICT DO NOTHING;
INSERT INTO document_items (id, document_id, article_id, expected_qty, count_1, count_2, order_number, unit, notes, item_status, un_code, client_ref, peso, invoice, volume, city, address, batch, observation, received_qty, unit_volume, neighborhood) VALUES (106, 'doc-GHU383-L010904165', 'D200101', '3', '0', '0', 'AJV9733389', 'BL', NULL, 'PENDIENTE', 'AJV20', 'CMY1003284', '0.00', 'AFE7431166', '0.1866', 'Rionegro  Antioquia', 'Au Medellin Bogota retorno 11 Barrio La Playa', 'S/L', '', '0', '0', '') ON CONFLICT DO NOTHING;
INSERT INTO document_items (id, document_id, article_id, expected_qty, count_1, count_2, order_number, unit, notes, item_status, un_code, client_ref, peso, invoice, volume, city, address, batch, observation, received_qty, unit_volume, neighborhood) VALUES (107, 'doc-GHU383-L010904165', 'D15171099', '1', '0', '0', 'AJV9733562', 'CJ', NULL, 'PENDIENTE', 'AJV20', 'CDT1011474', '0.00', 'AFE7431167', '0.042', 'Guarne  Antioquia', 'Cl 51 49 31 Barrio Parque', 'S/L', '', '0', '0', '') ON CONFLICT DO NOTHING;
INSERT INTO document_items (id, document_id, article_id, expected_qty, count_1, count_2, order_number, unit, notes, item_status, un_code, client_ref, peso, invoice, volume, city, address, batch, observation, received_qty, unit_volume, neighborhood) VALUES (108, 'doc-GHU383-L010904165', 'D15251299', '1', '0', '0', 'AJV9733562', 'CJ', NULL, 'PENDIENTE', 'AJV20', 'CDT1011474', '0.00', 'AFE7431167', '0.0869', 'Guarne  Antioquia', 'Cl 51 49 31 Barrio Parque', 'S/L', '', '0', '0', '') ON CONFLICT DO NOTHING;
INSERT INTO document_items (id, document_id, article_id, expected_qty, count_1, count_2, order_number, unit, notes, item_status, un_code, client_ref, peso, invoice, volume, city, address, batch, observation, received_qty, unit_volume, neighborhood) VALUES (109, 'doc-GHU383-L010904165', 'D15281299', '1', '0', '0', 'AJV9733562', 'CJ', NULL, 'PENDIENTE', 'AJV20', 'CDT1011474', '0.00', 'AFE7431167', '0.0977', 'Guarne  Antioquia', 'Cl 51 49 31 Barrio Parque', 'S/L', '', '0', '0', '') ON CONFLICT DO NOTHING;
INSERT INTO document_items (id, document_id, article_id, expected_qty, count_1, count_2, order_number, unit, notes, item_status, un_code, client_ref, peso, invoice, volume, city, address, batch, observation, received_qty, unit_volume, neighborhood) VALUES (110, 'doc-GHU383-L010904165', 'D16351200', '2', '0', '0', 'AJV9733562', 'CJ', NULL, 'PENDIENTE', 'AJV20', 'CDT1011474', '0.00', 'AFE7431167', '0.089', 'Guarne  Antioquia', 'Cl 51 49 31 Barrio Parque', 'S/L', '', '0', '0', '') ON CONFLICT DO NOTHING;
INSERT INTO document_items (id, document_id, article_id, expected_qty, count_1, count_2, order_number, unit, notes, item_status, un_code, client_ref, peso, invoice, volume, city, address, batch, observation, received_qty, unit_volume, neighborhood) VALUES (111, 'doc-GHU383-L010904165', 'D200701', '1', '0', '0', 'AJV9733562', 'BL', NULL, 'PENDIENTE', 'AJV20', 'CDT1011474', '0.00', 'AFE7431167', '0.1106', 'Guarne  Antioquia', 'Cl 51 49 31 Barrio Parque', 'S/L', '', '0', '0', '') ON CONFLICT DO NOTHING;
INSERT INTO document_items (id, document_id, article_id, expected_qty, count_1, count_2, order_number, unit, notes, item_status, un_code, client_ref, peso, invoice, volume, city, address, batch, observation, received_qty, unit_volume, neighborhood) VALUES (112, 'doc-GHU383-L010904165', 'D201001', '1', '0', '0', 'AJV9733562', 'BL', NULL, 'PENDIENTE', 'AJV20', 'CDT1011474', '0.00', 'AFE7431167', '0.1267', 'Guarne  Antioquia', 'Cl 51 49 31 Barrio Parque', 'S/L', '', '0', '0', '') ON CONFLICT DO NOTHING;
INSERT INTO document_items (id, document_id, article_id, expected_qty, count_1, count_2, order_number, unit, notes, item_status, un_code, client_ref, peso, invoice, volume, city, address, batch, observation, received_qty, unit_volume, neighborhood) VALUES (113, 'doc-GHU383-L010904165', 'D500801HN', '2', '0', '0', 'AJV9733562', 'BL', NULL, 'PENDIENTE', 'AJV20', 'CDT1011474', '0.00', 'AFE7431167', '0.1552', 'Guarne  Antioquia', 'Cl 51 49 31 Barrio Parque', 'S/L', '', '0', '0', '') ON CONFLICT DO NOTHING;
INSERT INTO document_items (id, document_id, article_id, expected_qty, count_1, count_2, order_number, unit, notes, item_status, un_code, client_ref, peso, invoice, volume, city, address, batch, observation, received_qty, unit_volume, neighborhood) VALUES (114, 'doc-GHU383-L010904165', 'D7000801NS', '2', '0', '0', 'AJV9733562', 'CJ', NULL, 'PENDIENTE', 'AJV20', 'CDT1011474', '0.00', 'AFE7431167', '0.2126', 'Guarne  Antioquia', 'Cl 51 49 31 Barrio Parque', 'S/L', '', '0', '0', '') ON CONFLICT DO NOTHING;
INSERT INTO document_items (id, document_id, article_id, expected_qty, count_1, count_2, order_number, unit, notes, item_status, un_code, client_ref, peso, invoice, volume, city, address, batch, observation, received_qty, unit_volume, neighborhood) VALUES (115, 'doc-GHU383-L010904165', 'D701201NS', '1', '0', '0', 'AJV9733562', 'CJ', NULL, 'PENDIENTE', 'AJV20', 'CDT1011474', '0.00', 'AFE7431167', '0.1162', 'Guarne  Antioquia', 'Cl 51 49 31 Barrio Parque', 'S/L', '', '0', '0', '') ON CONFLICT DO NOTHING;
INSERT INTO document_items (id, document_id, article_id, expected_qty, count_1, count_2, order_number, unit, notes, item_status, un_code, client_ref, peso, invoice, volume, city, address, batch, observation, received_qty, unit_volume, neighborhood) VALUES (116, 'doc-GHU383-L010904165', 'D751600G', '1', '0', '0', 'AJV9733562', 'CJ', NULL, 'PENDIENTE', 'AJV20', 'CDT1011474', '0.00', 'AFE7431167', '0.0414', 'Guarne  Antioquia', 'Cl 51 49 31 Barrio Parque', 'S/L', '', '0', '0', '') ON CONFLICT DO NOTHING;
INSERT INTO document_items (id, document_id, article_id, expected_qty, count_1, count_2, order_number, unit, notes, item_status, un_code, client_ref, peso, invoice, volume, city, address, batch, observation, received_qty, unit_volume, neighborhood) VALUES (117, 'doc-GHU383-L010904165', 'D770800T', '1', '0', '0', 'AJV9733562', 'CJ', NULL, 'PENDIENTE', 'AJV20', 'CDT1011474', '0.00', 'AFE7431167', '0.0487', 'Guarne  Antioquia', 'Cl 51 49 31 Barrio Parque', 'S/L', '', '0', '0', '') ON CONFLICT DO NOTHING;
INSERT INTO document_items (id, document_id, article_id, expected_qty, count_1, count_2, order_number, unit, notes, item_status, un_code, client_ref, peso, invoice, volume, city, address, batch, observation, received_qty, unit_volume, neighborhood) VALUES (118, 'doc-GHU383-L010904165', 'D771200', '1', '0', '0', 'AJV9733562', 'CJ', NULL, 'PENDIENTE', 'AJV20', 'CDT1011474', '0.00', 'AFE7431167', '0.052', 'Guarne  Antioquia', 'Cl 51 49 31 Barrio Parque', 'S/L', '', '0', '0', '') ON CONFLICT DO NOTHING;
INSERT INTO document_items (id, document_id, article_id, expected_qty, count_1, count_2, order_number, unit, notes, item_status, un_code, client_ref, peso, invoice, volume, city, address, batch, observation, received_qty, unit_volume, neighborhood) VALUES (119, 'doc-GHU383-L010904165', 'DC07101200R', '3', '0', '0', 'AJV9733562', 'CJ', NULL, 'PENDIENTE', 'AJV20', 'CDT1011474', '0.00', 'AFE7431167', '0.0714', 'Guarne  Antioquia', 'Cl 51 49 31 Barrio Parque', 'S/L', '', '0', '0', '') ON CONFLICT DO NOTHING;
INSERT INTO document_items (id, document_id, article_id, expected_qty, count_1, count_2, order_number, unit, notes, item_status, un_code, client_ref, peso, invoice, volume, city, address, batch, observation, received_qty, unit_volume, neighborhood) VALUES (120, 'doc-GHU383-L010904165', 'D001601LT', '2', '0', '0', 'AJV9733823', 'BL', NULL, 'PENDIENTE', 'AJV20', 'CPR1042773', '0.00', 'AFE7431168', '0.0324', 'Medellín  Antioquia', 'Cl 92 50 D 33', 'S/L', '', '0', '0', '') ON CONFLICT DO NOTHING;
INSERT INTO document_items (id, document_id, article_id, expected_qty, count_1, count_2, order_number, unit, notes, item_status, un_code, client_ref, peso, invoice, volume, city, address, batch, observation, received_qty, unit_volume, neighborhood) VALUES (27, 'doc-GHU383-L010904165', 'D200801', '10', '0', '0', 'AJV9721049', 'BL', NULL, 'ASIGNADO', 'AJV15', 'CMY1003025', '0.00', 'AFE7431116', '1.848', 'Chigorodó  Antioquia', 'Kr 100 92 80', 'S/L', '', '0', '0', '') ON CONFLICT DO NOTHING;
INSERT INTO document_items (id, document_id, article_id, expected_qty, count_1, count_2, order_number, unit, notes, item_status, un_code, client_ref, peso, invoice, volume, city, address, batch, observation, received_qty, unit_volume, neighborhood) VALUES (37, 'doc-GHU383-L010904165', 'D200801', '30', '0', '0', 'AJV9723424', 'BL', NULL, 'ASIGNADO', 'AJV20', 'CDT1027645', '0.00', 'AFE7431139', '5.544', 'Medellín  Antioquia', 'Kr 49 77 11', 'S/L', '', '0', '0', '') ON CONFLICT DO NOTHING;
INSERT INTO document_items (id, document_id, article_id, expected_qty, count_1, count_2, order_number, unit, notes, item_status, un_code, client_ref, peso, invoice, volume, city, address, batch, observation, received_qty, unit_volume, neighborhood) VALUES (42, 'doc-GHU383-L010904165', 'D200801', '4', '0', '0', 'AJV9725323', 'BL', NULL, 'ASIGNADO', 'AJV15', 'CDT1029903', '0.00', 'AFE7431119', '0.7392', 'Medellín  Antioquia', 'Cl 96 37 51', 'S/L', '', '0', '0', '') ON CONFLICT DO NOTHING;
INSERT INTO document_items (id, document_id, article_id, expected_qty, count_1, count_2, order_number, unit, notes, item_status, un_code, client_ref, peso, invoice, volume, city, address, batch, observation, received_qty, unit_volume, neighborhood) VALUES (65, 'doc-GHU383-L010904165', 'D200801', '6', '0', '0', 'AJV9730203', 'BL', NULL, 'ASIGNADO', 'AJV20', 'CDT1016129', '0.00', 'AFE7431154', '1.1088', 'San Carlos  Antioquia', 'Cl 20 19 43 Parque Principal San Carlos', 'S/L', '', '0', '0', '') ON CONFLICT DO NOTHING;
INSERT INTO document_items (id, document_id, article_id, expected_qty, count_1, count_2, order_number, unit, notes, item_status, un_code, client_ref, peso, invoice, volume, city, address, batch, observation, received_qty, unit_volume, neighborhood) VALUES (66, 'doc-GHU383-L010904165', 'D403103', '3', '0', '0', 'AJV9730203', 'BL', NULL, 'ASIGNADO', 'AJV20', 'CDT1016129', '0.00', 'AFE7431154', '0.3201', 'San Carlos  Antioquia', 'Cl 20 19 43 Parque Principal San Carlos', 'S/L', '', '0', '0', '') ON CONFLICT DO NOTHING;
INSERT INTO document_items (id, document_id, article_id, expected_qty, count_1, count_2, order_number, unit, notes, item_status, un_code, client_ref, peso, invoice, volume, city, address, batch, observation, received_qty, unit_volume, neighborhood) VALUES (67, 'doc-GHU383-L010904165', 'D510701N', '12', '0', '0', 'AJV9730203', 'BL', NULL, 'ASIGNADO', 'AJV20', 'CDT1016129', '0.00', 'AFE7431154', '0.594', 'San Carlos  Antioquia', 'Cl 20 19 43 Parque Principal San Carlos', 'S/L', '', '0', '0', '') ON CONFLICT DO NOTHING;
INSERT INTO document_items (id, document_id, article_id, expected_qty, count_1, count_2, order_number, unit, notes, item_status, un_code, client_ref, peso, invoice, volume, city, address, batch, observation, received_qty, unit_volume, neighborhood) VALUES (68, 'doc-GHU383-L010904165', 'D510801HN', '8', '0', '0', 'AJV9730203', 'BL', NULL, 'ASIGNADO', 'AJV20', 'CDT1016129', '0.00', 'AFE7431154', '0.6504', 'San Carlos  Antioquia', 'Cl 20 19 43 Parque Principal San Carlos', 'S/L', '', '0', '0', '') ON CONFLICT DO NOTHING;
INSERT INTO document_items (id, document_id, article_id, expected_qty, count_1, count_2, order_number, unit, notes, item_status, un_code, client_ref, peso, invoice, volume, city, address, batch, observation, received_qty, unit_volume, neighborhood) VALUES (71, 'doc-GHU383-L010904165', 'D403201', '5', '0', '0', 'AJV9731035', 'BL', NULL, 'ASIGNADO', 'AJV20', 'CDT1038792', '0.00', 'AFE7431156', '0.5335', 'San Roque  Antioquia', 'Kr 17 19 29', 'S/L', '', '0', '0', '') ON CONFLICT DO NOTHING;
INSERT INTO document_items (id, document_id, article_id, expected_qty, count_1, count_2, order_number, unit, notes, item_status, un_code, client_ref, peso, invoice, volume, city, address, batch, observation, received_qty, unit_volume, neighborhood) VALUES (72, 'doc-GHU383-L010904165', 'D701201NS', '10', '0', '0', 'AJV9731035', 'CJ', NULL, 'ASIGNADO', 'AJV20', 'CDT1038792', '0.00', 'AFE7431156', '1.162', 'San Roque  Antioquia', 'Kr 17 19 29', 'S/L', '', '0', '0', '') ON CONFLICT DO NOTHING;
INSERT INTO document_items (id, document_id, article_id, expected_qty, count_1, count_2, order_number, unit, notes, item_status, un_code, client_ref, peso, invoice, volume, city, address, batch, observation, received_qty, unit_volume, neighborhood) VALUES (83, 'doc-GHU383-L010904165', 'D200101', '20', '0', '0', 'AJV9733106', 'BL', NULL, 'ASIGNADO', 'AJV20', 'CDT1014297', '0.00', 'AFE7431162', '1.244', 'El Bagre  Antioquia', 'Brr Metropolis Mz 12 Predio 32 Zayco 2', 'S/L', '', '0', '0', '') ON CONFLICT DO NOTHING;
INSERT INTO document_items (id, document_id, article_id, expected_qty, count_1, count_2, order_number, unit, notes, item_status, un_code, client_ref, peso, invoice, volume, city, address, batch, observation, received_qty, unit_volume, neighborhood) VALUES (84, 'doc-GHU383-L010904165', 'D200301', '1', '0', '0', 'AJV9733106', 'BL', NULL, 'ASIGNADO', 'AJV20', 'CDT1014297', '0.00', 'AFE7431162', '0.0927', 'El Bagre  Antioquia', 'Brr Metropolis Mz 12 Predio 32 Zayco 2', 'S/L', '', '0', '0', '') ON CONFLICT DO NOTHING;
INSERT INTO document_items (id, document_id, article_id, expected_qty, count_1, count_2, order_number, unit, notes, item_status, un_code, client_ref, peso, invoice, volume, city, address, batch, observation, received_qty, unit_volume, neighborhood) VALUES (85, 'doc-GHU383-L010904165', 'D201001', '1', '0', '0', 'AJV9733106', 'BL', NULL, 'ASIGNADO', 'AJV20', 'CDT1014297', '0.00', 'AFE7431162', '0.1267', 'El Bagre  Antioquia', 'Brr Metropolis Mz 12 Predio 32 Zayco 2', 'S/L', '', '0', '0', '') ON CONFLICT DO NOTHING;
INSERT INTO document_items (id, document_id, article_id, expected_qty, count_1, count_2, order_number, unit, notes, item_status, un_code, client_ref, peso, invoice, volume, city, address, batch, observation, received_qty, unit_volume, neighborhood) VALUES (86, 'doc-GHU383-L010904165', 'D510601N', '15', '0', '0', 'AJV9733106', 'BL', NULL, 'ASIGNADO', 'AJV20', 'CDT1014297', '0.00', 'AFE7431162', '0.4845', 'El Bagre  Antioquia', 'Brr Metropolis Mz 12 Predio 32 Zayco 2', 'S/L', '', '0', '0', '') ON CONFLICT DO NOTHING;
INSERT INTO document_items (id, document_id, article_id, expected_qty, count_1, count_2, order_number, unit, notes, item_status, un_code, client_ref, peso, invoice, volume, city, address, batch, observation, received_qty, unit_volume, neighborhood) VALUES (87, 'doc-GHU383-L010904165', 'D510701N', '8', '0', '0', 'AJV9733106', 'BL', NULL, 'ASIGNADO', 'AJV20', 'CDT1014297', '0.00', 'AFE7431162', '0.396', 'El Bagre  Antioquia', 'Brr Metropolis Mz 12 Predio 32 Zayco 2', 'S/L', '', '0', '0', '') ON CONFLICT DO NOTHING;
INSERT INTO document_items (id, document_id, article_id, expected_qty, count_1, count_2, order_number, unit, notes, item_status, un_code, client_ref, peso, invoice, volume, city, address, batch, observation, received_qty, unit_volume, neighborhood) VALUES (88, 'doc-GHU383-L010904165', 'D510801FN', '5', '0', '0', 'AJV9733106', 'BL', NULL, 'ASIGNADO', 'AJV20', 'CDT1014297', '0.00', 'AFE7431162', '0.384', 'El Bagre  Antioquia', 'Brr Metropolis Mz 12 Predio 32 Zayco 2', 'S/L', '', '0', '0', '') ON CONFLICT DO NOTHING;
INSERT INTO document_items (id, document_id, article_id, expected_qty, count_1, count_2, order_number, unit, notes, item_status, un_code, client_ref, peso, invoice, volume, city, address, batch, observation, received_qty, unit_volume, neighborhood) VALUES (89, 'doc-GHU383-L010904165', 'D510801HN', '5', '0', '0', 'AJV9733106', 'BL', NULL, 'ASIGNADO', 'AJV20', 'CDT1014297', '0.00', 'AFE7431162', '0.4065', 'El Bagre  Antioquia', 'Brr Metropolis Mz 12 Predio 32 Zayco 2', 'S/L', '', '0', '0', '') ON CONFLICT DO NOTHING;
INSERT INTO document_items (id, document_id, article_id, expected_qty, count_1, count_2, order_number, unit, notes, item_status, un_code, client_ref, peso, invoice, volume, city, address, batch, observation, received_qty, unit_volume, neighborhood) VALUES (90, 'doc-GHU383-L010904165', 'D510801N', '4', '0', '0', 'AJV9733106', 'BL', NULL, 'ASIGNADO', 'AJV20', 'CDT1014297', '0.00', 'AFE7431162', '0.2152', 'El Bagre  Antioquia', 'Brr Metropolis Mz 12 Predio 32 Zayco 2', 'S/L', '', '0', '0', '') ON CONFLICT DO NOTHING;
INSERT INTO document_items (id, document_id, article_id, expected_qty, count_1, count_2, order_number, unit, notes, item_status, un_code, client_ref, peso, invoice, volume, city, address, batch, observation, received_qty, unit_volume, neighborhood) VALUES (91, 'doc-GHU383-L010904165', 'D511001N', '4', '0', '0', 'AJV9733106', 'BL', NULL, 'ASIGNADO', 'AJV20', 'CDT1014297', '0.00', 'AFE7431162', '0.3492', 'El Bagre  Antioquia', 'Brr Metropolis Mz 12 Predio 32 Zayco 2', 'S/L', '', '0', '0', '') ON CONFLICT DO NOTHING;
INSERT INTO document_items (id, document_id, article_id, expected_qty, count_1, count_2, order_number, unit, notes, item_status, un_code, client_ref, peso, invoice, volume, city, address, batch, observation, received_qty, unit_volume, neighborhood) VALUES (92, 'doc-GHU383-L010904165', 'D531101', '2', '0', '0', 'AJV9733106', 'BL', NULL, 'ASIGNADO', 'AJV20', 'CDT1014297', '0.00', 'AFE7431162', '0.089', 'El Bagre  Antioquia', 'Brr Metropolis Mz 12 Predio 32 Zayco 2', 'S/L', '', '0', '0', '') ON CONFLICT DO NOTHING;
INSERT INTO document_items (id, document_id, article_id, expected_qty, count_1, count_2, order_number, unit, notes, item_status, un_code, client_ref, peso, invoice, volume, city, address, batch, observation, received_qty, unit_volume, neighborhood) VALUES (93, 'doc-GHU383-L010904165', 'D7000801NS', '5', '0', '0', 'AJV9733106', 'CJ', NULL, 'ASIGNADO', 'AJV20', 'CDT1014297', '0.00', 'AFE7431162', '0.5315', 'El Bagre  Antioquia', 'Brr Metropolis Mz 12 Predio 32 Zayco 2', 'S/L', '', '0', '0', '') ON CONFLICT DO NOTHING;
INSERT INTO document_items (id, document_id, article_id, expected_qty, count_1, count_2, order_number, unit, notes, item_status, un_code, client_ref, peso, invoice, volume, city, address, batch, observation, received_qty, unit_volume, neighborhood) VALUES (94, 'doc-GHU383-L010904165', 'D701201NS', '15', '0', '0', 'AJV9733106', 'CJ', NULL, 'ASIGNADO', 'AJV20', 'CDT1014297', '0.00', 'AFE7431162', '1.743', 'El Bagre  Antioquia', 'Brr Metropolis Mz 12 Predio 32 Zayco 2', 'S/L', '', '0', '0', '') ON CONFLICT DO NOTHING;
INSERT INTO document_items (id, document_id, article_id, expected_qty, count_1, count_2, order_number, unit, notes, item_status, un_code, client_ref, peso, invoice, volume, city, address, batch, observation, received_qty, unit_volume, neighborhood) VALUES (95, 'doc-GHU383-L010904165', 'D703201LS', '2', '0', '0', 'AJV9733106', 'CJ', NULL, 'ASIGNADO', 'AJV20', 'CDT1014297', '0.00', 'AFE7431162', '0.571', 'El Bagre  Antioquia', 'Brr Metropolis Mz 12 Predio 32 Zayco 2', 'S/L', '', '0', '0', '') ON CONFLICT DO NOTHING;
INSERT INTO document_items (id, document_id, article_id, expected_qty, count_1, count_2, order_number, unit, notes, item_status, un_code, client_ref, peso, invoice, volume, city, address, batch, observation, received_qty, unit_volume, neighborhood) VALUES (96, 'doc-GHU383-L010904165', 'D76110500', '10', '0', '0', 'AJV9733106', 'CJ', NULL, 'ASIGNADO', 'AJV20', 'CDT1014297', '0.00', 'AFE7431162', '0.289', 'El Bagre  Antioquia', 'Brr Metropolis Mz 12 Predio 32 Zayco 2', 'S/L', '', '0', '0', '') ON CONFLICT DO NOTHING;
INSERT INTO document_items (id, document_id, article_id, expected_qty, count_1, count_2, order_number, unit, notes, item_status, un_code, client_ref, peso, invoice, volume, city, address, batch, observation, received_qty, unit_volume, neighborhood) VALUES (97, 'doc-GHU383-L010904165', 'D510901NW', '5', '0', '0', 'AJV9733106', 'BL', NULL, 'ASIGNADO', 'AJV20', 'CDT1014297', '0.00', 'AFE7431162', '0.3645', 'El Bagre  Antioquia', 'Brr Metropolis Mz 12 Predio 32 Zayco 2', 'S/L', '', '0', '0', '') ON CONFLICT DO NOTHING;
INSERT INTO document_items (id, document_id, article_id, expected_qty, count_1, count_2, order_number, unit, notes, item_status, un_code, client_ref, peso, invoice, volume, city, address, batch, observation, received_qty, unit_volume, neighborhood) VALUES (98, 'doc-GHU383-L010904165', 'Q504000OY', '1', '0', '0', 'AJV9733157', 'CJ', NULL, 'ASIGNADO', 'AJV20', 'CDT1035854', '0.00', 'AFE7431163', '0.012', 'Carepa  Antioquia', 'Cl 81 76 02 Lc 101', 'S/L', '', '0', '0', '') ON CONFLICT DO NOTHING;

INSERT INTO assignments (id, vehicle_id, driver_id, client_id, is_active, created_at, updated_at) VALUES ('as-1770667871526', 'VEH-001', 'DRV-002', 'CLI-TEST-01', TRUE, '"2026-02-09T20:11:12.775Z"', '"2026-02-09T20:11:12.775Z"') ON CONFLICT DO NOTHING;
INSERT INTO assignments (id, vehicle_id, driver_id, client_id, is_active, created_at, updated_at) VALUES ('as-1770667881399', 'VEH-002', 'DRV-001', 'c1', TRUE, '"2026-02-09T20:11:22.257Z"', '"2026-02-09T20:11:22.257Z"') ON CONFLICT DO NOTHING;

INSERT INTO user_permissions (id, user_id, permissions, status_id) VALUES ('PERM-USER-USR-01', 'USR-01', '{"id":"PERM-USER-USR-01","userId":"USR-01","statusId":"EST-01","page_PAG-01_edit":true,"page_PAG-01_view":true,"page_PAG-02_edit":true,"page_PAG-02_view":true,"page_PAG-03_edit":true,"page_PAG-03_view":true,"page_PAG-04_edit":true,"page_PAG-04_view":true,"page_PAG-05_edit":true,"page_PAG-05_view":true,"page_PAG-06_edit":true,"page_PAG-06_view":true,"page_PAG-07_edit":true,"page_PAG-07_view":true,"page_PAG-08_edit":true,"page_PAG-08_view":true,"page_PAG-09_edit":true,"page_PAG-09_view":true,"page_PAG-10_edit":true,"page_PAG-10_view":true,"page_PAG-11_edit":true,"page_PAG-11_view":true,"page_PAG-12_edit":true,"page_PAG-12_view":true,"page_PAG-13_edit":true,"page_PAG-13_view":true,"page_PAG-14_edit":true,"page_PAG-14_view":true,"page_PAG-15_edit":true,"page_PAG-15_view":true,"page_PAG-16_edit":true,"page_PAG-16_view":true,"page_PAG-17_edit":true,"page_PAG-17_view":true,"page_PAG-18_edit":true,"page_PAG-18_view":true,"page_PAG-19_edit":true,"page_PAG-19_view":true,"page_PAG-20_edit":true,"page_PAG-20_view":true,"page_PAG-21_edit":true,"page_PAG-21_view":true,"page_PAG-22_edit":true,"page_PAG-22_view":true,"page_PAG-01_active":true,"page_PAG-01_create":true,"page_PAG-01_delete":true,"page_PAG-02_active":true,"page_PAG-02_create":true,"page_PAG-02_delete":true,"page_PAG-03_active":true,"page_PAG-03_create":true,"page_PAG-03_delete":true,"page_PAG-04_active":true,"page_PAG-04_create":true,"page_PAG-04_delete":true,"page_PAG-05_active":true,"page_PAG-05_create":true,"page_PAG-05_delete":true,"page_PAG-06_active":true,"page_PAG-06_create":true,"page_PAG-06_delete":true,"page_PAG-07_active":true,"page_PAG-07_create":true,"page_PAG-07_delete":true,"page_PAG-08_active":true,"page_PAG-08_create":true,"page_PAG-08_delete":true,"page_PAG-09_active":true,"page_PAG-09_create":true,"page_PAG-09_delete":true,"page_PAG-10_active":true,"page_PAG-10_create":true,"page_PAG-10_delete":true,"page_PAG-11_active":true,"page_PAG-11_create":true,"page_PAG-11_delete":true,"page_PAG-12_active":true,"page_PAG-12_create":true,"page_PAG-12_delete":true,"page_PAG-13_active":true,"page_PAG-13_create":true,"page_PAG-13_delete":true,"page_PAG-14_active":true,"page_PAG-14_create":true,"page_PAG-14_delete":true,"page_PAG-15_active":true,"page_PAG-15_create":true,"page_PAG-15_delete":true,"page_PAG-16_active":true,"page_PAG-16_create":true,"page_PAG-16_delete":true,"page_PAG-17_active":true,"page_PAG-17_create":true,"page_PAG-17_delete":true,"page_PAG-18_active":true,"page_PAG-18_create":true,"page_PAG-18_delete":true,"page_PAG-19_active":true,"page_PAG-19_create":true,"page_PAG-19_delete":true,"page_PAG-20_active":true,"page_PAG-20_create":true,"page_PAG-20_delete":true,"page_PAG-21_active":true,"page_PAG-21_create":true,"page_PAG-21_delete":true,"page_PAG-22_active":true,"page_PAG-22_create":true,"page_PAG-22_delete":true,"page_PAG-FIRMAS_edit":true,"page_PAG-FIRMAS_view":true,"page_PAG-FIRMAS_active":true,"page_PAG-FIRMAS_create":true,"page_PAG-FIRMAS_delete":true,"page_PAG-FIRMAS-APR_edit":true,"page_PAG-FIRMAS-APR_view":true,"page_PAG-FIRMAS-APR_active":true,"page_PAG-FIRMAS-APR_create":true,"page_PAG-FIRMAS-APR_delete":true}', 'EST-01') ON CONFLICT DO NOTHING;

